cluster,FileName,socialmedia,platform_with_groups,hashtags,UserName,datetime
27,"['3172481-1186610227170467841.jpg', '1538059413436.jpg', 'EEdpF3i.jpg']","['twitter', '4chan', 'Reddit']","['twitter/elxn43 cdnpoli FordIsFailing DrinkUpSuckers onpoli', '4chan/pol', 'Reddit/onguardforthee']","['elxn43 cdnpoli FordIsFailing DrinkUpSuckers onpoli', nan, nan]","['natsprat3', 'Anonymous', 'StuGats']","['2019-09-04 02:02:00', '2019-10-11 01:35:00', '2019-10-19 12:49:00']"
61,"['2860046-1184150471277207553.jpg', '72336717_10157267365925259_7798470216400240640_n.jpg']","['twitter', 'Facebook']","['twitter/elxn43 cdnpoli', 'Facebook/Leftist Memes for New Democrat Teens']","['elxn43 cdnpoli', nan]","['BlueTalksPol', 'nan']","['2019-09-01 05:46:00', '2019-09-27 18:55:00']"
103,"['2794621-1183910296798355457.jpg', 'image119.jpg']","['twitter', 'Facebook']","['twitter/DefundCBC cdnpoli elxn43 TrudeauMustGo', 'Facebook/Team Scheer']","['DefundCBC cdnpoli elxn43 TrudeauMustGo', nan]","['America_Cdn_USA', 'teamscheer']","['2019-09-01 16:05:00', '2019-10-15 21:03:00']"
116,"['3029470-1184918082579390464.jpg', 'u3nq2ro4zus31.jpg', '73399829_1283055858541256_1732842892449284096_n.jpg']","['twitter', 'Reddit', 'Facebook']","['twitter/elxn43 cdnpoli', 'Reddit/canadaleft', 'Facebook/Leftist Memes for New Democrat Teens']","['elxn43 cdnpoli', nan, nan]","['secularwakanada', 'rbdk01', 'nan']","['2019-09-13 18:34:00', '2019-09-19 12:44:00', '2019-09-25 09:29:00']"
163,"['2290839-1179615289362833408.jpg', '71245871_685398141972488_3832442714570358784_o.jpg']","['twitter', 'Facebook']","['twitter/cdnpoli elxn43 TrudeauMustGo', 'Facebook/Team Scheer']","['cdnpoli elxn43 TrudeauMustGo', nan]","['jaysrule22', 'teamscheer']","['2019-10-03 04:32:00', '2019-10-15 20:54:00']"
201,"['2978246-1185008099259797509.jpg', 'ziwxnfnig4u31.jpg']","['twitter', 'Reddit']","['twitter/GretaThunberg elxn43 polcan', 'Reddit/metacanada']","['GretaThunberg elxn43 polcan', nan]","['LucMatte9', 'StartedGivingBlood']","['2019-09-14 00:11:00', '2019-10-12 23:46:00']"
258,"['2784773-1183970668746031104.jpg', '73038742_702881000217352_8079824470170140672_n.jpg']","['twitter', 'Facebook']","['twitter/elxn43 cdnpoli', 'Facebook/Canada Proud']","['elxn43 cdnpoli', nan]","['CrankyBlonde1', 'CanadaProud.org']","['2019-09-01 02:23:00', '2019-09-19 09:16:00']"
319,"['72067075_10157493723955140_9213072438990995456_n.jpg', '62uqjksjzxr31.png']","['Facebook', 'Reddit']","['Facebook/Leftist Memes for New Democrat Teens', 'Reddit/ndp']","[nan, nan]","['nan', 'MarkG_108']","['2019-09-27 20:30:00', '2019-10-19 04:43:00']"
321,"['2912145-1184664250121408519.jpg', '72383917_10157987042885016_467024251161935872_n.jpg']","['twitter', 'Facebook']","['twitter/elxn43 cdnpoli', 'Facebook/Leftist Memes for New Democrat Teens']","['elxn43 cdnpoli', nan]","['janfromthebruce', 'nan']","['2019-09-12 02:37:00', '2019-09-27 20:30:00']"
359,"['71497842_10157550714084204_4938425470786994176_n.jpg', '2377489-1179847776420716545.jpg']","['Facebook', 'twitter']","['Facebook/Justin Trudno', 'twitter/TrudeauTheHyprocrite elxn43 cdnpoli']","[nan, 'TrudeauTheHyprocrite elxn43 cdnpoli']","['JustinTrudeauNope', 'somecanuckguy']","['2019-09-20 12:34:00', '2019-10-03 19:56:00']"
367,"['1617971-1168202263610966017.jpg', 'dsr3ygi7ron31.jpg']","['twitter', 'Reddit']","['twitter/RuhRo Scheer Harper Trudeau CPC canpoli onpoli', 'Reddit/onguardforthee']","['RuhRo Scheer Harper Trudeau CPC canpoli onpoli', nan]","['BFreeCorn78', 'mudgts']","['2019-09-01 16:41:00', '2019-10-19 08:04:00']"
415,"['1901980-1174494379987427328.jpg', '2e32u5lqpgn31.jpg', '1568860154772.jpg']","['twitter', 'Reddit', '4chan']","['twitter/WednesdayWisdom cndpoli elx43 elxn43 TrudeauMustGo Trudeau brownface', 'Reddit/canadaleft', '4chan/pol']","['WednesdayWisdom cndpoli elx43 elxn43 TrudeauMustGo Trudeau brownface', nan, nan]","['saveusallll', 'sexywheat', 'Anonymous']","['2019-09-19 01:24:00', '2019-09-19 10:26:00', '2019-10-07 16:55:00']"
428,"['1898326-1174530149913489408.jpg', '73150952_2500397613386335_6683641060209459200_n.jpg', '1573505765721.jpg']","['twitter', 'Facebook', '4chan']","['twitter/JustinTrudeau Brownface elxn43', 'Facebook/Justin Trudno', '4chan/pol']","['JustinTrudeau Brownface elxn43', nan, nan]","['Colby_Malsbury', 'JustinTrudeauNope', 'Anonymous']","['2019-09-19 03:46:00', '2019-09-20 17:28:00', '2019-10-17 17:07:00']"
513,"['3096303-1185939667708858369.jpg', '72588565_2588856754528414_7971782166952542208_n.jpg']","['twitter', 'Facebook']","['twitter/cdnpoli tcot polcan politicstoday Truexit', 'Facebook/Old Stock Canadian']","['cdnpoli tcot polcan politicstoday Truexit', nan]","['OldStockCAN', 'OldStockCDN']","['2019-09-02 16:35:00', '2019-10-19 06:32:00']"
648,"['nntyf0enx0o31.jpg', '1898519-1174762671943671808.jpg', '1569086986479.jpg']","['Reddit', 'twitter', '4chan']","['Reddit/canada', 'twitter/BrownFaceTrudeau cdnpoli elxn43', '4chan/pol']","[nan, 'BrownFaceTrudeau cdnpoli elxn43', nan]","['bitekr', 'alissagolob', 'Anonymous']","['2019-09-10 12:18:00', '2019-09-19 19:10:00', '2019-10-08 04:40:00']"
674,"['2421453-1180887262969700359.jpg', '71711161_688138965031739_4138750616660869120_n.jpg']","['twitter', 'Facebook']","['twitter/elxn43 cdnpoli', 'Facebook/Team Scheer']","['elxn43 cdnpoli', nan]","['cpcldr', 'teamscheer']","['2019-10-06 16:47:00', '2019-10-15 21:00:00']"
737,"['72309737_1357105254467513_1963423219666911232_n.jpg', '2707292-1183088930406703104.jpg', 'vvasq82p05s31.jpg']","['Facebook', 'twitter', 'Reddit']","['Facebook/Leftist Memes for New Democrat Teens', 'twitter/elxn43 NDP', 'Reddit/ndp']","[nan, 'elxn43 NDP', nan]","['nan', 'IanLau723', 'rbdk01']","['2019-09-24 15:40:00', '2019-10-12 18:35:00', '2019-10-19 04:43:00']"
774,"['1616903-1169007936770891776.jpg', 'n0uos8d8yfk31.jpg']","['twitter', 'Reddit']","['twitter/abpoli cdnpoli Alberta', 'Reddit/canadapoliticshumour']","['abpoli cdnpoli Alberta', nan]","['Cthulku', 'youseepee']","['2019-09-03 22:03:00', '2019-09-19 20:09:00']"
805,"['2395895-1180214043480674309.jpg', '1570331684792.jpg']","['twitter', '4chan']","['twitter/TwoPlaneTrudeau hypocrite cdnpoli elxn43', '4chan/pol']","['TwoPlaneTrudeau hypocrite cdnpoli elxn43', nan]","['Sharper40', 'Anonymous']","['2019-10-04 20:12:00', '2019-10-12 12:41:00']"
824,"['2421159-1180946428547366912.jpg', '1550363688702.jpg']","['twitter', '4chan']","['twitter/ableg abpoli cdnpoli elxn43', '4chan/pol']","['ableg abpoli cdnpoli elxn43', nan]","['softgrasswalker', 'Anonymous']","['2019-10-06 20:42:00', '2019-10-23 22:12:00']"
828,"['3096957-1185903994268307462.jpg', '72163749_137217344299183_8051194969794281472_n.jpg', '7aeawlettmr31.jpg']","['twitter', 'Facebook', 'Reddit']","['twitter/ndp elxn43 cdnpoli', 'Facebook/Game Changers', 'Reddit/ndp']","['ndp elxn43 cdnpoli', nan, nan]","['mariedm', 'GamechangeCanada', 'MarkG_108']","['2019-09-02 00:10:00', '2019-09-19 23:50:00', '2019-10-19 04:37:00']"
856,"['72325020_696908184147967_7815489153159659520_n.jpg', '2474577-1181213696535777280.jpg']","['Facebook', 'twitter']","['Facebook/Canada Proud', 'twitter/elxn43 TrudeauMustGo']","[nan, 'elxn43 TrudeauMustGo']","['CanadaProud.org', 'canadabayliners']","['2019-09-19 09:01:00', '2019-10-07 14:24:00']"
900,"['1571201215049.jpg', '1906649-1174835669400784896.jpg']","['4chan', 'twitter']","['4chan/pol', 'twitter/TrudeauMustGo SaveCanada cdnpoli elxn43']","[nan, 'TrudeauMustGo SaveCanada cdnpoli elxn43']","['Anonymous', 'Blueyes9445']","['2019-09-17 16:47:00', '2019-09-20 00:00:00']"
918,"['3107592-1185959734328737792.jpg', 'lrl8ziw6xfq31.png', '1570476237199.png']","['twitter', 'Reddit', '4chan']","['twitter/elxn43 cdnpoli', 'Reddit/canada', '4chan/pol']","['elxn43 cdnpoli', nan, nan]","['LudwigShawn', 'itskonnerwithak', 'Anonymous']","['2019-09-02 20:59:00', '2019-09-14 01:11:00', '2019-10-13 11:33:00']"
934,"['3175018-1186519513266712579.jpg', '73513485_10162656690150454_2901017144479186944_n.jpg']","['twitter', 'Facebook']","['twitter/CanadaElection2019 elxn43', 'Facebook/OccupyCanada']","['CanadaElection2019 elxn43', nan]","['skywaker9', 'nan']","['2019-09-04 00:23:00', '2019-10-19 05:50:00']"
938,"['3161572-1186426905244909568.jpg', '1494292622495.gif']","['twitter', '4chan']","['twitter/CanadaElection2019 elxn43', '4chan/pol']","['CanadaElection2019 elxn43', nan]","['farrahsafiakhan', 'Anonymous']","['2019-09-27 10:14:00', '2019-10-06 03:30:00']"
947,"['72135844_138237960863788_7911657868963610624_n.jpg', 'qla42efqp7s31.jpg']","['Facebook', 'Reddit']","['Facebook/Leftist Memes for New Democrat Teens', 'Reddit/ndp']","[nan, nan]","['nan', 'MarkG_108']","['2019-09-24 16:19:00', '2019-10-19 04:47:00']"
996,"['2861431-1184229647174660096.jpg', '72223204_438585346767130_7180779994258341888_n.png']","['twitter', 'Facebook']","['twitter/elxn43 canadavotes2019 CanadaDeservesBetter', 'Facebook/OccupyCanada']","['elxn43 canadavotes2019 CanadaDeservesBetter', nan]","['Daisy381', 'nan']","['2019-09-10 15:09:00', '2019-10-19 05:50:00']"
1000,"['1603664-1168563238478458880.jpg', '72257056_916617555380189_6785732742073024512_n.jpg']","['twitter', 'Facebook']","['twitter/cdnpoli TrudeauMustGo Trudeau Liberal Conservatives Canada Canadian Liberals onpoli', 'Facebook/Justin Trudeau Not']","['cdnpoli TrudeauMustGo Trudeau Liberal Conservatives Canada Canadian Liberals onpoli', nan]","['ampahcd', 'JustinTrudeauNot']","['2019-09-02 16:36:00', '2019-09-20 00:14:00']"
1034,"['3168795-1186576179786125312.jpg', 'ca8hayrb6ms31.jpg', '72560924_2408627895881181_5713329143983112192_n.png']","['twitter', 'Reddit', 'Facebook']","['twitter/ElectionsCanada elxn43 cdnpoli Scheer', 'Reddit/canadapolitics', 'Facebook/Leftist Memes for New Democrat Teens']","['ElectionsCanada elxn43 cdnpoli Scheer', nan, nan]","['LaughLifeAdam', 'sawyerglen', 'nan']","['2019-09-04 16:40:00', '2019-09-19 19:19:00', '2019-09-27 19:18:00']"
1049,"['1566479217343.gif', '2742248-1183238661397041152.jpg']","['4chan', 'twitter']","['4chan/pol', 'twitter/hamont onpoli elxn43']","[nan, 'hamont onpoli elxn43']","['Anonymous', 'Bri_Appel']","['2019-10-10 20:57:00', '2019-10-13 04:30:00']"
1070,"['3000738-1184581070416683009.jpg', 'image112.jpg']","['twitter', 'Facebook']","['twitter/TrudeauMustGo SaveCanada elxn43', 'Facebook/Canada Proud']","['TrudeauMustGo SaveCanada elxn43', nan]","['America_Cdn_USA', 'CanadaProud.org']","['2019-09-11 23:32:00', '2019-09-19 09:11:00']"
1073,"['ugq7sgx58qu31.jpg', '2718586-1183227830496309248.jpg']","['Reddit', 'twitter']","['Reddit/canadaleft', 'twitter/elxn43 CanadaVotes']","[nan, 'elxn43 CanadaVotes']","['rbdk01', 'Jackstar009']","['2019-09-19 14:03:00', '2019-10-13 03:47:00']"
1126,"['1570815070829.jpg', '3057491-1185623118049697793.jpg']","['4chan', 'twitter']","['4chan/pol', 'twitter/cndpoli elxn43 LiberalCorruption TrudeauCorruption VoteThemAllOut']","[nan, 'cndpoli elxn43 LiberalCorruption TrudeauCorruption VoteThemAllOut']","['Anonymous', 'PoliticalMemesC']","['2019-09-11 12:59:00', '2019-09-16 09:43:00']"
1149,"['2376690-1179873075958972416.jpg', '1570398556699.jpg']","['twitter', '4chan']","['twitter/elxn43 cdnpoli', '4chan/pol']","['elxn43 cdnpoli', nan]","['SeakasPerson', 'Anonymous']","['2019-10-03 21:37:00', '2019-10-12 18:52:00']"
1217,"['3105620-1185730520933527554.jpg', '9b4p3olsq7r31.jpg']","['twitter', 'Reddit']","['twitter/cdnpoli elxn43 KinsellaGate', 'Reddit/metacanada']","['cdnpoli elxn43 KinsellaGate', nan]","['YKJFosterYYC', 'mlekoutovich']","['2019-09-18 01:29:00', '2019-10-08 18:13:00']"
1220,"['3217179-1185598148670042112.jpg', '71254069_908452792863332_2835989041810243584_n.png']","['twitter', 'Facebook']","['twitter/elxn43 canadavotes2019 cdnpoli TrudeauMustGo elxn2019', 'Facebook/Justin Trudeau Not']","['elxn43 canadavotes2019 cdnpoli TrudeauMustGo elxn2019', nan]","['fedupCdian', 'JustinTrudeauNot']","['2019-09-16 21:24:00', '2019-09-20 00:06:00']"
1238,"['2982505-1184615982574247937.jpg', '71258121_10156132209022820_4328965604280107008_n.jpg', '2c7tq9ii3lt31.jpg']","['twitter', 'Facebook', 'Reddit']","['twitter/cndpoli elxn43', 'Facebook/NationalMemeBoardofCanada', 'Reddit/onguardforthee']","['cndpoli elxn43', nan, nan]","['m_c_k_i_n_a', 'nan', 'WellEndowedHorse']","['2019-09-12 01:12:00', '2019-10-19 04:05:00', '2019-10-19 11:44:00']"
1320,"['3161128-1186478719424176129.jpg', 'R8ocbj3.jpg', '72712385_10157668817483501_686087988647559168_n.jpg']","['twitter', 'Reddit', 'Facebook']","['twitter/ElectionDay elxn43 CanadianElection', 'Reddit/canada', 'Facebook/Leftist Memes for New Democrat Teens']","['ElectionDay elxn43 CanadianElection', nan, nan]","['chichixcharon', 'TriniTornado', 'nan']","['2019-09-03 01:14:00', '2019-09-18 21:46:00', '2019-09-26 15:06:00']"
1329,"['2784379-1183976327549878273.jpg', '72439580_10156818590280910_2130497490430984192_n.jpg']","['twitter', 'Facebook']","['twitter/cdnpoli elxn43 ItsOurVote', 'nan']","['cdnpoli elxn43 ItsOurVote', nan]","['FEEZYDoesIT', 'nan']","['2019-09-01 02:46:00', '2019-10-24 14:11:00']"
1352,"['xcmj0rla4mn31.jpg', '1889245-1174803123719655424.jpg']","['Reddit', 'twitter']","['Reddit/canadaleft', 'twitter/elxn43 cdnpoli']","[nan, 'elxn43 cdnpoli']","['rbdk01', 'JustinKulik']","['2019-09-19 10:29:00', '2019-09-19 21:51:00']"
1380,"['2376761-1179972068890165249.jpg', '71382020_1000468866951432_8704758270620860416_n.jpg']","['twitter', 'Facebook']","['twitter/cdnpoli elxn43 AmericAndy', 'Facebook/National Meme Board of Canada']","['cdnpoli elxn43 AmericAndy', nan]","['DJChocolateMLK', 'national.meme.board']","['2019-10-04 04:10:00', '2019-10-18 08:49:00']"
1396,"['3210281-1186839286357737472.jpg', 'qpku6g7i8cu31.jpg', '73200130_10156749477154150_1812034852367630336_n.jpg']","['twitter', 'Reddit', 'Facebook']","['twitter/cdnpoli WEXITALBERTA', 'Reddit/canadapoliticshumour', 'Facebook/Leftist Memes for New Democrat Teens']","['cdnpoli WEXITALBERTA', nan, nan]","['barodity', 'YYCvoter', 'nan']","['2019-09-06 20:36:00', '2019-09-19 22:29:00', '2019-09-27 08:26:00']"
1417,"['1883796-1174717513860440064.jpg', 'k3f17im7jtn31.jpg']","['twitter', 'Reddit']","['twitter/blackface BlackfaceTrudeau BrownFaceTrudeau brownface TrudeauMustGo Trudeau elxn43', 'Reddit/metacanada']","['blackface BlackfaceTrudeau BrownFaceTrudeau brownface TrudeauMustGo Trudeau elxn43', nan]","['YourWhitePrivey', 'TheoBlanco']","['2019-09-19 16:10:00', '2019-10-04 14:00:00']"
1425,"['3195270-1186625853947633664.jpg', '1386214755560.gif']","['twitter', '4chan']","['twitter/ScheerlessTuesday cdnpoli elxn43', '4chan/pol']","['ScheerlessTuesday cdnpoli elxn43', nan]","['Prettyspazz', 'Anonymous']","['2019-09-04 22:55:00', '2019-10-06 16:01:00']"
1479,"['2787649-1183880339988594691.jpg', '72527796_1173119339564664_2034745120166772736_o.jpg']","['twitter', 'Facebook']","['twitter/cdnpoli elxn43 SinghUpswing', 'Facebook/Leftist Memes for New Democrat Teens']","['cdnpoli elxn43 SinghUpswing', nan]","['Kris_Day_', 'nan']","['2019-09-01 13:44:00', '2019-09-24 10:49:00']"
1501,"['74883930_929243420784269_2386340755154141184_o.jpg', '3489895-1188471993915494401.jpg']","['Facebook', 'twitter']","['Facebook/Justin Trudeau Not', 'twitter/cdnpoli onpoli']","[nan, 'cdnpoli onpoli']","['JustinTrudeauNot', 'SeakasPerson']","['2019-09-20 11:15:00', '2019-10-27 15:06:00']"
1511,"['2407010-1180472997821452289.jpg', '71656163_687257055119930_2188456368988487680_n.png']","['twitter', 'Facebook']","['twitter/elxn43 cdnpoli', 'Facebook/Team Scheer']","['elxn43 cdnpoli', nan]","['cpcldr', 'teamscheer']","['2019-10-05 13:21:00', '2019-10-15 21:00:00']"
1523,"['4VnJUNa.jpg', '1894635-1174773836434169856.jpg', '1569550572208.jpg']","['Reddit', 'twitter', '4chan']","['Reddit/canada', 'twitter/elxn43 cdnpoli', '4chan/pol']","[nan, 'elxn43 cdnpoli', nan]","['Firebat-15', 'village_whisper', 'Anonymous']","['2019-09-08 02:52:00', '2019-09-19 19:54:00', '2019-10-10 21:08:00']"
1552,"['3030288-1185255681554894858.jpg', '72422985_10217407524114742_5257061625529106432_o.jpg']","['twitter', 'Facebook']","['twitter/elxn43 NDP NDP2019 CanadaElection2019', 'Facebook/Leftist Memes for New Democrat Teens']","['elxn43 NDP NDP2019 CanadaElection2019', nan]","['leftysancho', 'nan']","['2019-09-14 03:45:00', '2019-09-25 20:02:00']"
1562,"['t3c89i8t5rs31.png', '72318717_10213276496181327_3162230505596780544_n.jpg']","['Reddit', 'Facebook']","['Reddit/canadaleft', 'Facebook/Leftist Memes for New Democrat Teens']","[nan, nan]","['NoamsUbermensch', 'nan']","['2019-09-19 12:42:00', '2019-09-25 11:49:00']"
1577,"['e5f4emcftkm31.jpg', '1851761-1173473891987013632.jpg', '75196271_10158240564994240_6790286008702205952_n.jpg']","['Reddit', 'twitter', 'Facebook']","['Reddit/canada', 'twitter/elxn43 cdnpoli', 'Facebook/Leftist Memes for New Democrat Teens']","[nan, 'elxn43 cdnpoli', nan]","['NayamayaN', 'Aquinning', 'nan']","['2019-09-04 17:14:00', '2019-09-16 05:49:00', '2019-09-25 21:18:00']"
1607,"['72948600_2517371811688915_2357613166315175936_o.jpg', 'swx2d1sug4u31.jpg']","['Facebook', 'Reddit']","['Facebook/Justin Trudno', 'Reddit/metacanada']","[nan, nan]","['JustinTrudeauNope', 'StartedGivingBlood']","['2019-09-21 01:07:00', '2019-10-13 00:54:00']"
1694,"['73357355_137373740950210_7385769506167062528_n.jpg', '2602714-1182270242871025664.jpg']","['Facebook', 'twitter']","['Facebook/Game Changers', 'twitter/cdnpoli elx43']","[nan, 'cdnpoli elx43']","['GamechangeCanada', 'BrandonTozzo']","['2019-09-19 23:51:00', '2019-10-10 12:22:00']"
1710,"['3119615-1186074116593463296.jpg', '72730498_699379483907687_2232392325353439232_o.jpg']","['twitter', 'Facebook']","['twitter/elxn43 cdnpoli', 'Facebook/Team Scheer']","['elxn43 cdnpoli', nan]","['cpcldr', 'teamscheer']","['2019-09-21 01:52:00', '2019-10-15 21:08:00']"
1730,"['1785517-1171073669021364228.jpg', 'g4k53l9anvo31.jpg']","['twitter', 'Reddit']","['twitter/cdnpoli TrudeaMustGo Election2019 CarbonTax ClimateEmergency JWR LavScam', 'Reddit/metacanada']","['cdnpoli TrudeaMustGo Election2019 CarbonTax ClimateEmergency JWR LavScam', nan]","['Raybenz2010', 'StartedGivingBlood']","['2019-09-09 14:51:00', '2019-10-06 01:35:00']"
1770,"['3212112-1187087455284940800.jpg', 'FrKYQXE.jpg', '74354736_2745297852369396_1984634589968072704_n.jpg']","['twitter', 'Reddit', 'Facebook']","['twitter/cdnpoli WEXITALBERTA', 'Reddit/canada', 'Facebook/Leftist Memes for New Democrat Teens']","['cdnpoli WEXITALBERTA', nan, nan]","['DatVonGuy', 'empathyx', 'nan']","['2019-09-07 03:44:00', '2019-09-19 04:18:00', '2019-09-27 10:32:00']"
1817,"['1570111744800.jpg', '71153933_691996154639170_3780655029707341824_o.jpg']","['4chan', 'Facebook']","['4chan/pol', 'nan']","[nan, nan]","['Anonymous', 'nan']","['2019-09-17 17:41:00', '2019-10-24 12:40:00']"
1823,"['2864180-1184175048069763072.jpg', '72268857_700323517139767_1871532244045135872_n.jpg']","['twitter', 'Facebook']","['twitter/TrudeauMustGo SaveCanada elxn43', 'Facebook/Canada Proud']","['TrudeauMustGo SaveCanada elxn43', nan]","['Garrett29563747', 'CanadaProud.org']","['2019-09-10 00:26:00', '2019-09-19 09:12:00']"
1837,"['hm06ja5zkxp31.jpg', '71517731_10213457647869735_4142321194772725760_n.jpg', '2698023-1182695010636091392.jpg']","['Reddit', 'Facebook', 'twitter']","['Reddit/canadaleft', 'Facebook/Leftist Memes for New Democrat Teens', 'twitter/elxn43 cdnpoli']","[nan, nan, 'elxn43 cdnpoli']","['MidnightTokr', 'nan', 'kevinrns']","['2019-09-19 11:27:00', '2019-09-23 10:05:00', '2019-10-11 16:30:00']"
1867,"['2409736-1180537447454822400.jpg', 'yeqj6td66tq31.jpg']","['twitter', 'Reddit']","['twitter/cdnpoli Elexn43 cdnmedia', 'Reddit/metacanada']","['cdnpoli Elexn43 cdnmedia', nan]","['NadineGB204', 'StartedGivingBlood']","['2019-10-05 17:37:00', '2019-10-08 08:07:00']"
1910,"['72489967_1670892693041069_7288014804969586688_n.jpg', '2573834-1181337329027301377.jpg']","['Facebook', 'twitter']","['Facebook/Leftist Memes for New Democrat Teens', 'twitter/cdnpoli elxn43 voteNDP']","[nan, 'cdnpoli elxn43 voteNDP']","['nan', 'answerallman']","['2019-09-23 18:22:00', '2019-10-07 22:35:00']"
1969,"['3198695-1186487604960792578.jpg', 'skp1fnscy0u31.jpg']","['twitter', 'Reddit']","['twitter/elxn43 CDNPOLI', 'Reddit/canada']","['elxn43 CDNPOLI', nan]","['BLIBLIE69', 'niggusbiggus81']","['2019-09-03 23:00:00', '2019-09-19 01:40:00']"
1982,"['jcskflgpbnn31.jpg', '1937296-1175124837523709953.jpg', '1568998053338.jpg']","['Reddit', 'twitter', '4chan']","['Reddit/canada', 'twitter/cdnpoli canadaelection2019 elxn43', '4chan/pol']","[nan, 'cdnpoli canadaelection2019 elxn43', nan]","['NorthOfSixtyNine', '50Doogie', 'A Rapists Wit']","['2019-09-08 15:33:00', '2019-09-20 19:09:00', '2019-10-08 00:47:00']"
1986,"['3304879-1187360148425191425.jpg', '72732729_1016737555324563_122848550135529472_o.jpg']","['twitter', 'Facebook']","['twitter/Alberta albertaseparation growup elxn43', 'Facebook/National Meme Board of Canada']","['Alberta albertaseparation growup elxn43', nan]","['56peggy', 'national.meme.board']","['2019-09-08 20:42:00', '2019-10-18 20:38:00']"
2050,"['2094225-1177964799097004034.jpg', '1440262350543.gif']","['twitter', '4chan']","['twitter/StopScheer CalledTheConsForAReason elxn43', '4chan/pol']","['StopScheer CalledTheConsForAReason elxn43', nan]","['JohnstonWriter', 'Anonymous']","['2019-09-28 15:14:00', '2019-10-01 11:46:00']"
2057,"['1542503519385.jpg', '2535992-1181386048653402113.jpg', 'zbs25ijymqr31.png']","['4chan', 'twitter', 'Reddit']","['4chan/pol', 'twitter/elxn43 cdnpolil leadersdebate2019', 'Reddit/metacanada']","[nan, 'elxn43 cdnpolil leadersdebate2019', nan]","['Anonymous', 'canadianhoshi', 'heroofthenexus44']","['2019-10-06 02:24:00', '2019-10-08 01:49:00', '2019-10-09 12:13:00']"
2059,"['3019893-1185027954201333760.jpg', 'vgpegsei9xt31.jpg']","['twitter', 'Reddit']","['twitter/NeverJagmeet NoNDP elxn43 freeshit', 'Reddit/metacanada']","['NeverJagmeet NoNDP elxn43 freeshit', nan]","['DJT_Wins', 'SomeOutdoorsGuy']","['2019-09-14 01:29:00', '2019-10-11 20:51:00']"
2061,"['72487844_10162288052450082_8673088878292238336_n.jpg', '2208088-1178672921146871809.jpg']","['Facebook', 'twitter']","['Facebook/Leftist Memes for New Democrat Teens', 'twitter/elxn43 cdnpoli']","[nan, 'elxn43 cdnpoli']","['nan', 'ynd_jnd']","['2019-09-22 11:00:00', '2019-09-30 14:08:00']"
2096,"['h0oegchlfsu31.jpg', '73292706_10101639421554065_6440754264414355456_n.jpg']","['Reddit', 'Facebook']","['Reddit/canadaleft', 'nan']","[nan, nan]","['thzatheist', 'nan']","['2019-09-19 14:02:00', '2019-10-24 14:58:00']"
2115,"['2842842-1184091455259697153.jpg', '1572048317468.jpg']","['twitter', '4chan']","['twitter/ScheerLies ScheerHatred cdnpoli elxn43', '4chan/pol']","['ScheerLies ScheerHatred cdnpoli elxn43', nan]","['suepeac', 'Anonymous']","['2019-09-01 22:26:00', '2019-09-27 21:11:00']"
2144,"['3005044-1185256154525421568.jpg', '74209886_697297964115839_7824438284456558592_n.png']","['twitter', 'Facebook']","['twitter/elxn43 cdnpoli', 'Facebook/Team Scheer']","['elxn43 cdnpoli', nan]","['AdamCorfe', 'teamscheer']","['2019-09-14 04:14:00', '2019-10-15 21:05:00']"
2216,"['3014720-1184845284989427712.jpg', '73101350_696417667537202_3304557432499339264_n.jpg']","['twitter', 'Facebook']","['twitter/elxn43 cdnpoli', 'Facebook/Team Scheer']","['elxn43 cdnpoli', nan]","['costellodaniel1', 'teamscheer']","['2019-09-13 00:38:00', '2019-10-15 21:05:00']"
2228,"['3123086-1186200194221785088.jpg', '1449465257314.jpg']","['twitter', '4chan']","['twitter/elxn43 cdnpoli', '4chan/pol']","['elxn43 cdnpoli', nan]","['lookin_robb', 'Anonymous']","['2019-09-22 01:08:00', '2019-10-18 12:52:00']"
2258,"['1886848-1174697053005459458.jpg', 'image124.jpg']","['twitter', 'Facebook']","['twitter/elxn43 cdnpoli TrudeauBlackface', ""Facebook/Don'tDrinktheCanadianCool-Aid""]","['elxn43 cdnpoli TrudeauBlackface', nan]","['LinnYeTang', 'nan']","['2019-09-19 14:49:00', '2019-09-19 23:47:00']"
2271,"['1898406-1174546125635936256.jpg', '1568868730577.png']","['twitter', '4chan']","['twitter/Trudeau brownface cdnpoli CanadaVotes', '4chan/pol']","['Trudeau brownface cdnpoli CanadaVotes', nan]","['gdude416', 'Anonymous']","['2019-09-19 04:49:00', '2019-10-19 17:06:00']"
2338,"['3469155-1187916839029891072.jpg', '73375467_10157552575390070_2788966172190572544_n.jpg', 'cebt11mnequ31.jpg']","['twitter', 'Facebook', 'Reddit']","['twitter/abpoli ableg cdnpoli', 'Facebook/Leftist Memes for New Democrat Teens', 'Reddit/onguardforthee']","['abpoli ableg cdnpoli', nan, nan]","['dyeralan', 'nan', 'T_DeadPOOL']","['2019-09-09 02:23:00', '2019-09-27 10:55:00', '2019-10-19 13:11:00']"
2346,"['ijsongah8tq31.jpg', '71811224_10157344640981005_8355660528483303424_n.jpg']","['Reddit', 'Facebook']","['Reddit/canadapoliticshumour', 'Facebook/Leftist Memes for New Democrat Teens']","[nan, nan]","['ElectrikWalrus', 'nan']","['2019-09-19 21:20:00', '2019-09-23 08:34:00']"
2372,"['1950873-1175407079063994373.jpg', '1568909125437.jpg']","['twitter', '4chan']","['twitter/SaturdayMotivation cndpoli elxn43 Election2019', '4chan/pol']","['SaturdayMotivation cndpoli elxn43 Election2019', nan]","['saveusallll', 'Anonymous']","['2019-09-21 13:51:00', '2019-10-19 23:48:00']"
2411,"['2990088-1184549280213864449.jpg', '25t68wzsw9m31.gif']","['twitter', 'Reddit']","['twitter/elxn43 IndigPoli', 'Reddit/canadaleft']","['elxn43 IndigPoli', nan]","['MemoWorks', 'MemoWorks']","['2019-09-11 02:20:00', '2019-09-19 18:14:00']"
2416,"['1931108-1171798280839168001.jpg', '1555653087094.jpg']","['twitter', '4chan']","['twitter/exln43 cdnpoli', '4chan/pol']","['exln43 cdnpoli', nan]","['northsidechad', 'Anonymous']","['2019-09-11 14:50:00', '2019-09-26 23:17:00']"
2419,"['mjfgz80zxmn31.jpg', '1952707-1175508759428370433.jpg']","['Reddit', 'twitter']","['Reddit/canada', 'twitter/TrudeauBlackface TrudeauPrivilege Trudeau TrudeauMustResign TrudeauMustGo cndpoli']","[nan, 'TrudeauBlackface TrudeauPrivilege Trudeau TrudeauMustResign TrudeauMustGo cndpoli']","['Jaywalk66', 'Psyllius']","['2019-09-08 12:14:00', '2019-09-21 20:35:00']"
2439,"['71501039_911278525914092_3409729696835829760_o.jpg', '2792462-1182677395184087040.jpg']","['Facebook', 'twitter']","['Facebook/Justin Trudeau Not', 'twitter/Trudeaumustgo canpoli']","[nan, 'Trudeaumustgo canpoli']","['JustinTrudeauNot', 'haselcheck']","['2019-09-20 00:09:00', '2019-10-11 15:20:00']"
2453,"['1890546-1173214306156064768.jpg', 'b4ftd2eeiom31.jpg']","['twitter', 'Reddit']","['twitter/cdnpoli Vote', 'Reddit/canadianpolitics']","['cdnpoli Vote', nan]","['calwhitejr', 'canadianbackbacon95']","['2019-09-15 12:37:00', '2019-09-19 23:24:00']"
2472,"['71179920_10162591109205601_4486630890188832768_n.jpg', '2563349-1181723951786942464.jpg']","['Facebook', 'twitter']","['Facebook/Leftist Memes for New Democrat Teens', 'twitter/vote elxn43 elxn2019']","[nan, 'vote elxn43 elxn2019']","['nan', 'Rxguy2261']","['2019-09-27 20:34:00', '2019-10-09 00:12:00']"
2586,"['3026320-1185185998487130112.jpg', '72572520_1337379079798539_3945943534674116608_o.jpg']","['twitter', 'Facebook']","['twitter/elxn43 elxn2019 CanadaVotes', 'Facebook/Leftist Memes for New Democrat Teens']","['elxn43 elxn2019 CanadaVotes', nan]","['melodyharding', 'nan']","['2019-09-14 19:06:00', '2019-09-24 11:26:00']"
2596,"['image88.jpg', '9eijgbgj0qy31.jpg']","['Facebook', 'Reddit']","[""Facebook/Don'tDrinktheCanadianCool-Aid"", 'Reddit/metacanada']","[nan, nan]","['nan', 'StartedGivingBlood']","['2019-09-19 23:46:00', '2019-10-16 17:59:00']"
2706,"['3067583-1185149256908324865.jpg', '72762062_2492203150872448_7700855307798315008_o.jpg']","['twitter', 'Facebook']","['twitter/TrudeauMustGo cdnpoli', 'Facebook/Justin Trudno']","['TrudeauMustGo cdnpoli', nan]","['wpgroy', 'JustinTrudeauNope']","['2019-09-14 14:15:00', '2019-09-20 15:42:00']"
2725,"['91xp4ou3pdo31.jpg', '72672224_10157526471068685_998708783993585664_n.jpg']","['Reddit', 'Facebook']","['Reddit/canadapolitics', 'Facebook/Leftist Memes for New Democrat Teens']","[nan, nan]","['babykeekee', 'nan']","['2019-09-19 18:47:00', '2019-09-23 08:35:00']"
2730,"['3201640-1186775617745801216.jpg', '1571503679850.jpg']","['twitter', '4chan']","['twitter/ElectionDay elxn43 shameful', '4chan/pol']","['ElectionDay elxn43 shameful', nan]","['hecate5points', 'Anonymous']","['2019-09-06 14:24:00', '2019-10-28 21:32:00']"
2863,"['1573534133709.jpg', 'l8x8z4c3s5y31.png']","['4chan', 'Reddit']","['4chan/pol', 'Reddit/onguardforthee']","[nan, nan]","['Anonymous', 'AE86Electric_Boogalo']","['2019-10-17 09:46:00', '2019-10-19 14:18:00']"
2924,"['2593406-1181947972809936898.jpg', '72562636_2563577020389721_2728125134354251776_n.jpg']","['twitter', 'Facebook']","['twitter/cdnpoli tcot polcan', 'Facebook/Old Stock Canadian']","['cdnpoli tcot polcan', nan]","['OldStockCAN', 'OldStockCDN']","['2019-10-09 15:02:00', '2019-10-19 06:07:00']"
3032,"['ifbu04cyfgn31.jpg', '1895969-1174710696153636865.jpg', '1573446780952.jpg']","['Reddit', 'twitter', '4chan']","['Reddit/canada', 'twitter/polcan polqc JustinTrudeau', '4chan/pol']","[nan, 'polcan polqc JustinTrudeau', nan]","['Comanche6', 'renemyrand', 'Anonymous']","['2019-09-06 12:41:00', '2019-09-19 15:43:00', '2019-10-16 22:59:00']"
3035,"['1780454-1172218648494129153.jpg', '1568403663794.jpg']","['twitter', '4chan']","['twitter/ClimateEmergency cdnpoli schoolstrike4climate GlobalClimateStrikes StopTMX TransMountain bcpoli CleanEnergy', '4chan/pol']","['ClimateEmergency cdnpoli schoolstrike4climate GlobalClimateStrikes StopTMX TransMountain bcpoli CleanEnergy', nan]","['CoastProtectors', 'Anonymous']","['2019-09-12 18:41:00', '2019-10-04 22:18:00']"
3145,"['1822894-1171876518194270209.jpg', '72884195_10162566228575515_8841554465057144832_n.jpg']","['twitter', 'Facebook']","['twitter/elxn43 cdnpoli', 'Facebook/Leftist Memes for New Democrat Teens']","['elxn43 cdnpoli', nan]","['brashley46', 'nan']","['2019-09-11 20:01:00', '2019-09-24 15:38:00']"
3168,"['71481176_10162239134220177_3826920249916129280_n.jpg', '2208255-1178694128839905280.jpg']","['Facebook', 'twitter']","['Facebook/Leftist Memes for New Democrat Teens', 'twitter/cdnpoli canpoli elxn43 ChooseForward']","[nan, 'cdnpoli canpoli elxn43 ChooseForward']","['nan', 'CanadaOooh']","['2019-09-22 09:42:00', '2019-09-30 15:32:00']"
3184,"['dyjtlpwhrlp31.jpg', '2406877-1180267813094735877.jpg']","['Reddit', 'twitter']","['Reddit/canada', 'twitter/PeoplesParty PPC2019 elxn43']","[nan, 'PeoplesParty PPC2019 elxn43']","['postmodern_humanoid', 'jtizzy223']","['2019-09-13 00:36:00', '2019-10-04 23:45:00']"
3199,"['1845445-1171772132176670720.jpg', '9tr5wvzx64r31.png']","['twitter', 'Reddit']","['twitter/elxn43 cdnpoli', 'Reddit/metacanada']","['elxn43 cdnpoli', nan]","['AdamBolt13', 'Sodors_Finest_Poster']","['2019-09-11 13:07:00', '2019-10-08 13:30:00']"
3208,"['1939830-1175088983811883008.jpg', '1568963048218.jpg']","['twitter', '4chan']","['twitter/elxn43 cdnpoli', '4chan/pol']","['elxn43 cdnpoli', nan]","['GreenerTalk', 'Anonymous']","['2019-09-20 16:47:00', '2019-10-08 02:11:00']"
3234,"['b6dg60vfvro31.png', '1565927261325.png']","['Reddit', '4chan']","['Reddit/metacanada', '4chan/pol']","[nan, nan]","['StartedGivingBlood', 'Anonymous']","['2019-10-05 19:15:00', '2019-10-09 12:03:00']"
3235,"['2395029-1179781490940489728.jpg', 'image71.jpg']","['twitter', 'Facebook']","['twitter/elxn43 cdnpoli', 'Facebook/Team Scheer']","['elxn43 cdnpoli', nan]","['cpcldr', 'teamscheer']","['2019-10-03 15:33:00', '2019-10-15 20:56:00']"
3238,"['2847818-1184224927626477569.jpg', 'MR2unUs.jpg']","['twitter', 'Reddit']","['twitter/inappropriate TrudeauMustGo FakeFeminist Hypocrite EntitledPunk Notaleader Narcissist elxn43', 'Reddit/metacanada']","['inappropriate TrudeauMustGo FakeFeminist Hypocrite EntitledPunk Notaleader Narcissist elxn43', nan]","['tomanator184', 'LowShitSystem']","['2019-09-10 14:41:00', '2019-10-10 01:22:00']"
3278,"['1848826-1174479272431374337.jpg', '6k9dnl5mkgn31.jpg']","['twitter', 'Reddit']","['twitter/cdnpoli elxn43 TrudeauMustGo Elecciones2019 abpoli LiberalsMustGo', 'Reddit/metacanada']","['cdnpoli elxn43 TrudeauMustGo Elecciones2019 abpoli LiberalsMustGo', nan]","['Raybenz2010', 'HeilTrudeau']","['2019-09-19 00:24:00', '2019-10-02 22:23:00']"
3353,"['image5.jpg', '1945005-1175898617145679872.jpg', 'def45p562hp31.jpg']","['Facebook', 'twitter', 'Reddit']","[""Facebook/Don'tDrinktheCanadianCool-Aid"", 'twitter/cdnpoli TrudeauMustGo Trudeau Liberal Conservatives Canada Canadian Liberals onpoli FlushTheTurd', 'Reddit/metacanada']","[nan, 'cdnpoli TrudeauMustGo Trudeau Liberal Conservatives Canada Canadian Liberals onpoli FlushTheTurd', nan]","['nan', 'ampahcd', 'CanadianUnderdog']","['2019-09-19 23:45:00', '2019-09-22 22:24:00', '2019-10-06 18:52:00']"
3368,"['2526710-1181378997810323456.jpg', 'b4286r34d4r31.jpg']","['twitter', 'Reddit']","['twitter/NeverMax MaxWho PPC CanadaDebates2019 elx43 canpoli leadersdebate2019', 'Reddit/metacanada']","['NeverMax MaxWho PPC CanadaDebates2019 elx43 canpoli leadersdebate2019', nan]","['Evelynne24', 'Adam-Dye']","['2019-10-08 01:21:00', '2019-10-08 13:37:00']"
3369,"['p9h9zmwmxus31.jpg', '71189218_10219959309923250_4567578319205171200_n.jpg']","['Reddit', 'Facebook']","['Reddit/canadaleft', 'Facebook/Leftist Memes for New Democrat Teens']","[nan, nan]","['rbdk01', 'nan']","['2019-09-19 12:42:00', '2019-09-27 17:51:00']"
3371,"['7Tt33B1.jpg', '2274070-1179183087785332737.jpg', '71911048_1139702893084621_3465522554666483712_n.jpg']","['Reddit', 'twitter', 'Facebook']","['Reddit/canada', 'twitter/peopleinglasshouses ScheerLies cdnpoli', 'Facebook/NationalMemeBoardofCanada']","[nan, 'peopleinglasshouses ScheerLies cdnpoli', nan]","['ABlegthrowaway123', 'AHandmaid2', 'nan']","['2019-09-13 23:46:00', '2019-10-01 23:55:00', '2019-10-19 04:05:00']"
3392,"['2848484-1184112102568411138.jpg', 'mn7cbefe5ms31.jpg']","['twitter', 'Reddit']","['twitter/TrudeauMustGo JagmeetSinghMustGo MayIsCrazy Scheer4PM cdnpoli elxn43', 'Reddit/onguardforthee']","['TrudeauMustGo JagmeetSinghMustGo MayIsCrazy Scheer4PM cdnpoli elxn43', nan]","['KeitherM', 'PeasThatTasteGross']","['2019-09-01 23:15:00', '2019-10-19 10:46:00']"
3397,"['1775896-1172323960358178816.jpg', '1574100278799.jpg']","['twitter', '4chan']","['twitter/LPC firstdebate', '4chan/pol']","['LPC firstdebate', nan]","['marcellam', 'Anonymous']","['2019-09-13 01:39:00', '2019-10-23 00:06:00']"
3421,"['2096406-1176994249432133633.jpg', 'image99.jpg']","['twitter', 'Facebook']","['twitter/ClimateHoax elxn43 cdnpoli Montreal LPC ChooseForward', 'nan']","['ClimateHoax elxn43 cdnpoli Montreal LPC ChooseForward', nan]","['BobMakenzie1', 'nan']","['2019-09-25 22:57:00', '2019-10-24 22:38:00']"
3453,"['2867343-1181560894053998592.jpg', 'image241.jpg']","['twitter', 'Facebook']","['twitter/canpoli TrudeauMustGo', 'nan']","['canpoli TrudeauMustGo', nan]","['mjmignacca', 'nan']","['2019-10-08 13:24:00', '2019-10-24 20:20:00']"
3464,"['zwvos5zrupm31.jpg', '1814384-1173239057352142848.jpg']","['Reddit', 'twitter']","['Reddit/canada', 'twitter/elxn43 cdnpoli']","[nan, 'elxn43 cdnpoli']","['LaxSir', 'MGuzmanRatko']","['2019-09-05 08:54:00', '2019-09-15 14:16:00']"
3473,"['1534714391493.jpg', 'image116.jpg']","['4chan', 'Facebook']","['4chan/pol', ""Facebook/Don'tDrinktheCanadianCool-Aid""]","[nan, nan]","['Anonymous', 'nan']","['2019-09-10 14:47:00', '2019-09-19 23:47:00']"
3502,"['2397555-1180153481270894593.jpg', '71594257_686594335186202_192722058814160896_o.jpg']","['twitter', 'Facebook']","['twitter/cdnpoli TrudeauTheHyprocrite TrudeauTwoPlanes elxn43', 'Facebook/Team Scheer']","['cdnpoli TrudeauTheHyprocrite TrudeauTwoPlanes elxn43', nan]","['cpcldr', 'teamscheer']","['2019-10-04 16:11:00', '2019-10-15 20:59:00']"
3604,"['1602082-1169221635313930241.jpg', 'image50.jpg']","['twitter', 'Facebook']","['twitter/nlpoli cdnpoli', ""Facebook/Don'tDrinktheCanadianCool-Aid""]","['nlpoli cdnpoli', nan]","['morris_canada', 'nan']","['2019-09-04 12:12:00', '2019-09-19 23:45:00']"
3606,"['1fx7e29u7qt31.jpg', '74211403_141004543920463_4528076641695432704_n.jpg']","['Reddit', 'Facebook']","['Reddit/canadaleft', 'Facebook/Leftist Memes for New Democrat Teens']","[nan, nan]","['DunningFreddieKruger', 'nan']","['2019-09-19 13:17:00', '2019-09-26 10:10:00']"
3618,"['2290022-1179563509740425216.jpg', '1420961203277.gif']","['twitter', '4chan']","['twitter/polcan faceafaceTVA', '4chan/pol']","['polcan faceafaceTVA', nan]","['MrkLechman', 'Anonymous']","['2019-10-03 01:07:00', '2019-10-26 14:18:00']"
3640,"['ryjssnv83dt31.jpg', '72426260_1247897008732980_515240722257936384_n.jpg']","['Reddit', 'Facebook']","['Reddit/canadaleft', 'Facebook/Leftist Memes for New Democrat Teens']","[nan, nan]","['rbdk01', 'nan']","['2019-09-19 13:03:00', '2019-09-25 17:18:00']"
3683,"['2779501-1183828222930276353.jpg', 'image132.jpg']","['twitter', 'Facebook']","['twitter/TrudeauMustGo cdnpoli elxn43 NeverNDP onpoli Scheer4PM', 'nan']","['TrudeauMustGo cdnpoli elxn43 NeverNDP onpoli Scheer4PM', nan]","['DrGillLeighton', 'nan']","['2019-09-01 00:18:00', '2019-10-24 16:30:00']"
3716,"['3206346-1186622126675001345.jpg', 'af7rs207edu31.jpg']","['twitter', 'Reddit']","['twitter/ScheerlessTuesday cdnpoli', 'Reddit/canadapoliticshumour']","['ScheerlessTuesday cdnpoli', nan]","['Opus420', 'crapatthethriftstore']","['2019-09-04 22:14:00', '2019-09-19 22:30:00']"
3721,"['1569950603430.jpg', 'image9.jpg']","['4chan', 'Facebook']","['4chan/pol', 'nan']","[nan, nan]","['Anonymous', 'nan']","['2019-10-06 17:06:00', '2019-10-24 22:12:00']"
3743,"['3023155-1184964238298812416.jpg', '1571159699763.jpg']","['twitter', '4chan']","['twitter/elxn43 cdnpoli canpoli topoli canadavotes2019 canadaelections2019 TrudeauMustGo Canada', '4chan/pol']","['elxn43 cdnpoli canpoli topoli canadavotes2019 canadaelections2019 TrudeauMustGo Canada', nan]","['destroy_white', 'Anonymous']","['2019-09-13 22:50:00', '2019-09-16 19:47:00']"
3757,"['v6ua6cswbln31.jpg', '2010357-1175578837649960961.jpg']","['Reddit', 'twitter']","['Reddit/canada', 'twitter/elxn43 cdnpoli']","[nan, 'elxn43 cdnpoli']","['lalpal', 'JulienTrudeau1']","['2019-09-07 14:51:00', '2019-09-22 01:13:00']"
3760,"['3013551-1184835699654176768.jpg', '72391354_10157600364159487_4489429044202307584_n.jpg']","['twitter', 'Facebook']","['twitter/SinghUpswing cndpoli elxn43', 'Facebook/Leftist Memes for New Democrat Teens']","['SinghUpswing cndpoli elxn43', nan]","['joefarleftist', 'nan']","['2019-09-12 09:22:00', '2019-09-24 22:02:00']"
3812,"['72653939_1007569396241379_1773209305789497344_n.jpg', 'y8ok4zy7hvr31.png']","['Facebook', 'Reddit']","['Facebook/National Meme Board of Canada', 'nan']","[nan, nan]","['national.meme.board', 'nan']","['2019-10-18 14:05:00', '2019-10-25 00:24:00']"
3862,"['7ftvspt3y8s31.png', '1570667982815.jpg']","['Reddit', '4chan']","['Reddit/metacanada', '4chan/pol']","[nan, nan]","['StartedGivingBlood', 'Anonymous']","['2019-10-09 23:07:00', '2019-10-14 09:29:00']"
3894,"['2070747-1177070041898070017.jpg', '003sms2eweo31.png']","['twitter', 'Reddit']","['twitter/cdnpoli BlackfaceTrudeau', 'Reddit/metacanada']","['cdnpoli BlackfaceTrudeau', nan]","['CainReturns', 'punditclass']","['2019-09-26 03:59:00', '2019-10-05 12:36:00']"
3900,"['oymalkui3ju31.jpg', '73027500_142538377100413_4295807271344013312_n.jpg']","['Reddit', 'Facebook']","['Reddit/canadaleft', 'Facebook/Game Changers']","[nan, nan]","['DunningFreddieKruger', 'GamechangeCanada']","['2019-09-19 13:57:00', '2019-09-20 00:00:00']"
3905,"['2557783-1181377940002672640.jpg', '1562597630303.gif']","['twitter', '4chan']","['twitter/LeadersDebate elxn43', '4chan/pol']","['LeadersDebate elxn43', nan]","['lopwilnik', 'Anonymous']","['2019-10-08 01:17:00', '2019-10-26 17:46:00']"
3925,"['3115109-1186235682131501056.jpg', '74588249_699252200587082_7974775845057200128_n.jpg']","['twitter', 'Facebook']","['twitter/cdnpoli GOTV elxn43', 'Facebook/Team Scheer']","['cdnpoli GOTV elxn43', nan]","['cpcldr', 'teamscheer']","['2019-09-22 12:59:00', '2019-10-15 21:09:00']"
3932,"['2686508-1182779562054373376.jpg', '72489151_2321954184736290_1680092533616541696_n.jpg']","['twitter', 'Facebook']","['twitter/TrudeauBlackface TrudeauMustGo cdnpoli elxn43', 'Facebook/Qu√©bec FIER']","['TrudeauBlackface TrudeauMustGo cdnpoli elxn43', nan]","['Sharper40', 'quebecfierpage']","['2019-10-11 22:06:00', '2019-10-15 19:55:00']"
3973,"['bitbsxhm3uo31.jpg', '1572695460121.jpg']","['Reddit', '4chan']","['Reddit/metacanada', '4chan/pol']","[nan, nan]","['StartedGivingBlood', 'Anonymous']","['2019-10-05 23:25:00', '2019-10-24 14:26:00']"
3974,"['image1.jpg', 'h0qz5bwsgjp31.jpg']","['Facebook', 'Reddit']","[""Facebook/Don'tDrinktheCanadianCool-Aid"", 'Reddit/metacanada']","[nan, nan]","['nan', 'cmdrDROC']","['2019-09-19 23:45:00', '2019-10-06 19:51:00']"
4022,"['2265867-1179390260859559937.jpg', '69686366_2318294431768932_9211820344355061760_n.jpg']","['twitter', 'Facebook']","['twitter/Elections2019 polqc polcan BlocQc', 'Facebook/Qu√©bec FIER']","['Elections2019 polqc polcan BlocQc', nan]","['mapaquet', 'quebecfierpage']","['2019-10-02 13:38:00', '2019-10-15 19:37:00']"
4044,"['1652957-1171171490970001408.jpg', 'w00js57jw9l31.jpg']","['twitter', 'Reddit']","['twitter/ChooseForwardWithoutLiberals cdnpoli', 'Reddit/metacanada']","['ChooseForwardWithoutLiberals cdnpoli', nan]","['Evenings_Star', 'Settler_Canadian']","['2019-09-09 21:20:00', '2019-09-30 05:26:00']"
4048,"['2398763-1180276246674120707.jpg', '71384337_686875425158093_4958774656468254720_o.jpg']","['twitter', 'Facebook']","['twitter/cdnpoli elxn43 TrudeauMustGo', 'Facebook/Team Scheer']","['cdnpoli elxn43 TrudeauMustGo', nan]","['cpcldr', 'teamscheer']","['2019-10-05 00:19:00', '2019-10-15 21:00:00']"
4098,"['1805394-1172497412230803458.jpg', '72757437_923228941385717_512046061158662144_o.jpg']","['twitter', 'Facebook']","['twitter/canpoli TrudeauMustGo', 'Facebook/Justin Trudeau Not']","['canpoli TrudeauMustGo', nan]","['haselcheck', 'JustinTrudeauNot']","['2019-09-13 13:09:00', '2019-09-20 10:17:00']"
4165,"['72900312_1357868457724526_377271529303441408_n.jpg', '2746842-1183388760106524672.jpg']","['Facebook', 'twitter']","['Facebook/Leftist Memes for New Democrat Teens', 'twitter/elxn43 cdnpoli']","[nan, 'elxn43 cdnpoli']","['nan', 'DaveTClark']","['2019-09-24 17:25:00', '2019-10-13 14:27:00']"
4169,"['3017834-1185210192784318464.jpg', '73132562_920736508301627_7486572465913593856_n.png']","['twitter', 'Facebook']","['twitter/canpoli TrudeaumustGo', 'Facebook/Justin Trudeau Not']","['canpoli TrudeaumustGo', nan]","['haselcheck', 'JustinTrudeauNot']","['2019-09-14 20:33:00', '2019-09-20 00:26:00']"
4170,"['lhhfzxdfprt31.png', '1568604066724.jpg']","['Reddit', '4chan']","['Reddit/metacanada', '4chan/pol']","[nan, nan]","['MOntarioGreatAgain', 'Anonymous']","['2019-10-11 15:25:00', '2019-10-19 23:23:00']"
4178,"['SSu6KV0.jpg', '1568926691688.jpg']","['Reddit', '4chan']","['Reddit/canada', '4chan/pol']","[nan, nan]","['Grimmzor83', 'Anonymous']","['2019-09-07 11:47:00', '2019-10-20 02:36:00']"
4208,"['1951348-1175503009385725954.jpg', 'z8ipypmu3gn31.jpg']","['twitter', 'Reddit']","['twitter/TrudeauBlackface TrudeauPrivilege Trudeau TrudeauMustResign TrudeauMustGo cndpoli', 'Reddit/metacanada']","['TrudeauBlackface TrudeauPrivilege Trudeau TrudeauMustResign TrudeauMustGo cndpoli', nan]","['Psyllius', 'OmniSteller']","['2019-09-21 20:12:00', '2019-10-02 19:28:00']"
4226,"['71779012_909581159417162_5769693417147727872_o.jpg', '2399165-1180262768307359744.jpg']","['Facebook', 'twitter']","['Facebook/Justin Trudeau Not', 'twitter/Blackface Trudeaumustgo canpoli']","[nan, 'Blackface Trudeaumustgo canpoli']","['JustinTrudeauNot', 'haselcheck']","['2019-09-20 00:07:00', '2019-10-04 23:25:00']"
4327,"['3137747-1186074837787258881.jpg', '73342461_697155894130046_2296121329264361472_n.png']","['twitter', 'Facebook']","['twitter/cdnpoli elxn43 TrudeauMustGo', 'Facebook/Team Scheer']","['cdnpoli elxn43 TrudeauMustGo', nan]","['justcheckin321', 'teamscheer']","['2019-09-21 10:13:00', '2019-10-15 21:05:00']"
4329,"['3071022-1185606823602282497.jpg', '73068820_921151954926749_5534794234026000384_n_002.jpg', 'wrn7fqmplzt31.jpg']","['twitter', 'Facebook', 'Reddit']","['twitter/elxn43 TrudeauMustGo', 'Facebook/Justin Trudeau Not', 'Reddit/metacanada']","['elxn43 TrudeauMustGo', nan, nan]","['MikePincoe', 'JustinTrudeauNot', 'AussieXPat']","['2019-09-16 23:04:00', '2019-09-20 00:29:00', '2019-10-12 09:26:00']"
4410,"['72672621_2501082576651172_6757829512076984320_n.jpg', '2069731-1177328609066926080.jpg', 'ywmx3uvnk2p31.jpg']","['Facebook', 'twitter', 'Reddit']","['Facebook/Justin Trudno', 'twitter/cdnpoli elxn43 TrudeauMustGo', 'Reddit/metacanada']","[nan, 'cdnpoli elxn43 TrudeauMustGo', nan]","['JustinTrudeauNope', 'cpcldr', 'NotaRussianBot10110']","['2019-09-20 17:31:00', '2019-09-26 21:06:00', '2019-10-06 10:01:00']"
4419,"['2687309-1182832799549669376.jpg', '72481310_1005370429794609_5494541675973836800_o.jpg']","['twitter', 'Facebook']","['twitter/elxn43 cdnpoli canadavotes', 'Facebook/National Meme Board of Canada']","['elxn43 cdnpoli canadavotes', nan]","['Andrew_PD', 'national.meme.board']","['2019-10-12 01:38:00', '2019-10-18 13:49:00']"
4424,"['vu5xdpnrmqt31.jpg', '72760542_141027667251484_1016230042948075520_o.jpg']","['Reddit', 'Facebook']","['Reddit/canadaleft', 'Facebook/Game Changers']","[nan, nan]","['DunningFreddieKruger', 'GamechangeCanada']","['2019-09-19 13:18:00', '2019-09-19 23:57:00']"
4429,"['1896939-1174659826753986565.jpg', 'sc01ca5x2hn31.jpg']","['twitter', 'Reddit']","['twitter/JustinTrudeau elxn43 FaithGoldy', 'Reddit/metacanada']","['JustinTrudeau elxn43 FaithGoldy', nan]","['pammustard', 'cmdrDROC']","['2019-09-19 12:21:00', '2019-10-03 01:49:00']"
4445,"['p7kb029b23q31.jpg', '71233761_2194533123984215_9114013880211734528_n.jpg']","['Reddit', 'Facebook']","['Reddit/canadaleft', 'Facebook/Leftist Memes for New Democrat Teens']","[nan, nan]","['rbdk01', 'nan']","['2019-09-19 11:35:00', '2019-09-22 12:11:00']"
4490,"['72533976_139835104037407_8186136799215616000_n.jpg', 'sko5taht3lt31.jpg']","['Facebook', 'Reddit']","['Facebook/Game Changers', 'Reddit/onguardforthee']","[nan, nan]","['GamechangeCanada', 'DunningFreddieKruger']","['2019-09-19 23:55:00', '2019-10-19 11:44:00']"
4522,"['2389591-1179860720353239040.jpg', '71372572_685966518582317_5980416740461379584_n.png']","['twitter', 'Facebook']","['twitter/cdnpoli elxn43 October3rd', 'Facebook/Team Scheer']","['cdnpoli elxn43 October3rd', nan]","['cpcldr', 'teamscheer']","['2019-10-03 20:48:00', '2019-10-15 20:58:00']"
4549,"['3132856-1186260425639219200.jpg', 's39yv9r6wls31.jpg']","['twitter', 'Reddit']","['twitter/canpoli trudeaumustgo', 'Reddit/metacanada']","['canpoli trudeaumustgo', nan]","['haselcheck', 'StartedGivingBlood']","['2019-09-22 20:33:00', '2019-10-10 11:16:00']"
4565,"['1897530-1173078591224958976.jpg', '73042248_922106011498010_3351500694900178944_n.jpg']","['twitter', 'Facebook']","['twitter/LiberalismIsAMentalDisorder cdnpoli', 'Facebook/Justin Trudeau Not']","['LiberalismIsAMentalDisorder cdnpoli', nan]","['EllenJSkye1', 'JustinTrudeauNot']","['2019-09-15 03:38:00', '2019-09-20 05:38:00']"
4634,"['1385886698070.gif', '2670360-1182418651057664002.jpg']","['4chan', 'twitter']","['4chan/pol', 'twitter/ableg cdnpoli elxn43']","[nan, 'ableg cdnpoli elxn43']","['Anonymous', 'JigglyPants44']","['2019-09-30 23:58:00', '2019-10-10 22:12:00']"
4653,"['1819234-1171132833290706945.jpg', '1498718669440.jpg']","['twitter', '4chan']","['twitter/cdnpoli TrudeauMustGo Trudeau Liberal Conservatives Canada Canadian Liberals onpoli FlushTheTurd', '4chan/pol']","['cdnpoli TrudeauMustGo Trudeau Liberal Conservatives Canada Canadian Liberals onpoli FlushTheTurd', nan]","['ampahcd', 'Anonymous']","['2019-09-09 18:46:00', '2019-09-19 12:49:00']"
4752,"['3180390-1186639980459954177.jpg', 'hyvrc4pus4u31.jpg', '75233409_141799477174303_8244553753215107072_n.jpg']","['twitter', 'Reddit', 'Facebook']","['twitter/PPC2019 cdnpoli', 'Reddit/canadaleft', 'Facebook/Game Changers']","['PPC2019 cdnpoli', nan, nan]","['BrandonTozzo', 'DunningFreddieKruger', 'GamechangeCanada']","['2019-09-04 08:57:00', '2019-09-19 13:47:00', '2019-09-19 23:58:00']"
4753,"['3140152-1186382901186678784.jpg', '72768527_699261833919452_995390865922850816_n.png']","['twitter', 'Facebook']","['twitter/cdnpoli elxn43 TrudeauMustGo', 'Facebook/Team Scheer']","['cdnpoli elxn43 TrudeauMustGo', nan]","['cpcldr', 'teamscheer']","['2019-09-25 22:12:00', '2019-10-15 21:10:00']"
4764,"['image40.jpg', '2053035-1177574784441507840.jpg']","['Facebook', 'twitter']","[""Facebook/Don'tDrinktheCanadianCool-Aid"", 'twitter/elxn43 cdnpoli TrudeauMustGo']","[nan, 'elxn43 cdnpoli TrudeauMustGo']","['nan', 'WeAreCanProud']","['2019-09-19 23:45:00', '2019-09-27 13:24:00']"
4772,"['6bocxkc3nnn31.jpg', '1883792-1174741416607698945.jpg']","['Reddit', 'twitter']","['Reddit/canada', 'twitter/Trudeau Blackface cdnpoli']","[nan, 'Trudeau Blackface cdnpoli']","['SamStorm187', 'Da_body2']","['2019-09-09 01:04:00', '2019-09-19 17:45:00']"
4777,"['73375429_2337700409685914_7608982963744669696_o.jpg', 'yi6j6n2q2ct31.jpg']","['Facebook', 'Reddit']","['Facebook/Leftist Memes for New Democrat Teens', 'Reddit/ndp']","[nan, nan]","['nan', 'bhognestad']","['2019-09-25 23:02:00', '2019-10-19 04:57:00']"
4800,"['2986735-1184501839481278464.jpg', '72292788_2579506542130102_6155583146222944256_n.jpg']","['twitter', 'Facebook']","['twitter/cdnpoli tcot polcan politicstoday cbc defundcbc dismantlecbc privatizecbc', 'Facebook/Old Stock Canadian']","['cdnpoli tcot polcan politicstoday cbc defundcbc dismantlecbc privatizecbc', nan]","['OldStockCAN', 'OldStockCDN']","['2019-09-11 14:28:00', '2019-10-19 06:22:00']"
4812,"['1571239866884.jpg', '2503953-1181319525670645760.jpg']","['4chan', 'twitter']","['4chan/pol', 'twitter/ExtinctionRebellion Climate Hypocrisy Edmonton cndpoli']","[nan, 'ExtinctionRebellion Climate Hypocrisy Edmonton cndpoli']","['Anonymous', 'teririch']","['2019-09-17 18:22:00', '2019-10-07 21:24:00']"
4820,"['3005037-1185411326023262208.jpg', '72645963_921078218267456_5146186391947837440_n.jpg', 'g9dcs77p46v31.jpg']","['twitter', 'Facebook', 'Reddit']","['twitter/canpoli TrudeauMustgo', 'Facebook/Justin Trudeau Not', 'Reddit/metacanada']","['canpoli TrudeauMustgo', nan, nan]","['nofilter500', 'JustinTrudeauNot', 'Doug_Fjord']","['2019-09-15 03:00:00', '2019-09-20 00:28:00', '2019-10-14 08:20:00']"
4839,"['2097197-1177946895475453953.jpg', '71082873_681815238997445_5519378063097331712_n.jpg']","['twitter', 'Facebook']","['twitter/climatestrikeTO cdnpoli elxn43', 'Facebook/Team Scheer']","['climatestrikeTO cdnpoli elxn43', nan]","['BB05388748', 'teamscheer']","['2019-09-28 14:03:00', '2019-10-15 20:53:00']"
4869,"['2074833-1177270053856796675.jpg', '1525919148429.png']","['twitter', '4chan']","['twitter/cdnpoli polcan polqc canada', '4chan/pol']","['cdnpoli polcan polqc canada', nan]","['nwopad', 'Anonymous']","['2019-09-26 17:13:00', '2019-10-07 16:47:00']"
4924,"['9xzxo0dgber31.jpg', '71657010_136814627672788_4747441477863342080_n.jpg', '2563441-1181700005926723586.jpg']","['Reddit', 'Facebook', 'twitter']","['Reddit/canadaleft', 'Facebook/Game Changers', 'twitter/cdnpoli elxn43 CanadaDebates2019']","[nan, nan, 'cdnpoli elxn43 CanadaDebates2019']","['DunningFreddieKruger', 'GamechangeCanada', 'SiddakAhuja']","['2019-09-19 12:20:00', '2019-09-19 23:50:00', '2019-10-08 22:36:00']"
4926,"['1776124-1172234765845458944.jpg', 'es0391vm71n31.jpg']","['twitter', 'Reddit']","['twitter/firstdebate cdnpoli elxn43', 'Reddit/canadaleft']","['firstdebate cdnpoli elxn43', nan]","['BetterCanada3', 'rbdk01']","['2019-09-12 19:45:00', '2019-09-19 10:23:00']"
4953,"['3258064-1186289518988746753.jpg', '72658790_699254463920189_9048603396604428288_n.png']","['twitter', 'Facebook']","['twitter/cdnpoli elxn43 TrudeauMustGo GOTV', 'Facebook/Team Scheer']","['cdnpoli elxn43 TrudeauMustGo GOTV', nan]","['ErikLuczak', 'teamscheer']","['2019-09-23 02:57:00', '2019-10-15 21:09:00']"
5004,"['3260258-1187030757723770880.jpg', 'xaijxwk5nbu31.jpg']","['twitter', 'Reddit']","['twitter/elxn43 cdnpoli', 'Reddit/metacanada']","['elxn43 cdnpoli', nan]","['ElectTories', 'StartedGivingBlood']","['2019-09-07 18:44:00', '2019-10-13 12:23:00']"
5017,"['73020992_2507603392665757_8820957665921335296_o.jpg', '1568889634653.jpg']","['Facebook', '4chan']","['Facebook/Justin Trudno', '4chan/pol']","[nan, nan]","['JustinTrudeauNope', 'Anonymous']","['2019-09-20 18:25:00', '2019-10-19 21:21:00']"
5069,"['image3.jpg', '2nz3b89wmqs31.jpg']","['Facebook', 'Reddit']","[""Facebook/Don'tDrinktheCanadianCool-Aid"", 'Reddit/metacanada']","[nan, nan]","['nan', 'StartedGivingBlood']","['2019-09-19 23:43:00', '2019-10-10 12:35:00']"
5072,"['ogrg2qmibmn31.jpg', '1926832-1174884865751207936.jpg', '1568998129359.jpg']","['Reddit', 'twitter', '4chan']","['Reddit/canada', 'twitter/canpoli TrudeauMustGo SNCLavalin', '4chan/pol']","[nan, 'canpoli TrudeauMustGo SNCLavalin', nan]","['Malikia101', 'whiskeythrotl', 'A Rapists Wit']","['2019-09-07 21:24:00', '2019-09-20 03:15:00', '2019-10-08 00:48:00']"
5138,"['71861457_136697787684472_8301576268772540416_n.jpg', '2565491-1181558999176663040.jpg', 'pb4dj9deobr31.jpg']","['Facebook', 'twitter', 'Reddit']","['Facebook/Leftist Memes for New Democrat Teens', 'twitter/leadersdebate2019 NDP', 'Reddit/ndp']","[nan, 'leadersdebate2019 NDP', nan]","['nan', 'BrandonTozzo', 'DunningFreddieKruger']","['2019-09-23 18:57:00', '2019-10-08 13:16:00', '2019-10-19 04:33:00']"
5160,"['3199896-1186809715457699841.jpg', '1532582053162.gif']","['twitter', '4chan']","['twitter/elxn43 cdnpoli', '4chan/pol']","['elxn43 cdnpoli', nan]","['SteveDickerNL', 'Anonymous']","['2019-09-06 18:10:00', '2019-10-10 21:27:00']"
5184,"['1888583-1174670059886862343.jpg', 'dx77yboicmo31.jpg']","['twitter', 'Reddit']","['twitter/cdnpoli TrudeauBlackface TrudeauMustGo', 'Reddit/onguardforthee']","['cdnpoli TrudeauBlackface TrudeauMustGo', nan]","['wapimaskwa69', 'PeasThatTasteGross']","['2019-09-19 13:02:00', '2019-10-19 08:32:00']"
5187,"['1570387960490.jpg', '2219971-1179029760028151814.jpg']","['4chan', 'twitter']","['4chan/pol', 'twitter/cdnpoli TrudeauMustGo']","[nan, 'cdnpoli TrudeauMustGo']","['Anonymous', 'TheIcedKermit']","['2019-09-19 11:13:00', '2019-10-01 13:46:00']"
5234,"['1945560-1175827648456445953.jpg', '1570493668672.jpg']","['twitter', '4chan']","['twitter/TrudeauMustResign LiberalHypocrisy cndpoli', '4chan/pol']","['TrudeauMustResign LiberalHypocrisy cndpoli', nan]","['Civil__Civilian', 'Anonymous']","['2019-09-22 17:42:00', '2019-10-13 20:16:00']"
5267,"['1987471-1173101195902111750.jpg', '1481035050874.gif']","['twitter', '4chan']","['twitter/ScheerRacism Quebec ChooseForward elxn43', '4chan/pol']","['ScheerRacism Quebec ChooseForward elxn43', nan]","['SugarmanSharna', 'Torontofag']","['2019-09-15 05:08:00', '2019-10-07 22:49:00']"
5271,"['swoytfxaiyo31.jpg', '2033460-1176648557295632384.jpg']","['Reddit', 'twitter']","['Reddit/canadaleft', 'twitter/ClimateStrike cdnpoli youboughtapipeline Trudont']","[nan, 'ClimateStrike cdnpoli youboughtapipeline Trudont']","['rbdk01', 'PoliPsycPotato']","['2019-09-19 10:50:00', '2019-09-25 00:04:00']"
5275,"['2668860-1182403944829599744.jpg', '72457417_691202374725398_8521411940730273792_o.jpg']","['twitter', 'Facebook']","['twitter/elxn43 cdnpoli', 'Facebook/Team Scheer']","['elxn43 cdnpoli', nan]","['cpcldr', 'teamscheer']","['2019-10-10 21:14:00', '2019-10-15 21:02:00']"
5343,"['2594422-1182061442113122304.jpg', '71495488_1003719053293080_266949801042509824_n.jpg']","['twitter', 'Facebook']","['twitter/cdnpoli canpoli StandonGuard NotAsAdvertised', 'Facebook/National Meme Board of Canada']","['cdnpoli canpoli StandonGuard NotAsAdvertised', nan]","['traebordileau', 'national.meme.board']","['2019-10-09 22:33:00', '2019-10-18 10:45:00']"
5355,"['72407976_133208824732072_5211906783215353856_n.jpg', '2571497-1181585607950127105.jpg']","['Facebook', 'twitter']","['Facebook/Leftist Memes for New Democrat Teens', 'twitter/cndpoli elxn43 leadersdebate2019']","[nan, 'cndpoli elxn43 leadersdebate2019']","['nan', 'PoliPsycPotato']","['2019-09-23 18:06:00', '2019-10-08 15:02:00']"
5374,"['71107895_10157675971306291_8985414523485683712_n.jpg', '2693147-1182958950771232769.jpg']","['Facebook', 'twitter']","['Facebook/Leftist Memes for New Democrat Teens', 'twitter/cndpoli elxn43 AndrewScheer ScheerDisaster']","[nan, 'cndpoli elxn43 AndrewScheer ScheerDisaster']","['nan', 'jeanteillet']","['2019-09-27 17:47:00', '2019-10-12 09:59:00']"
5386,"['3xto2m80cst31.jpg', '75519329_10213579667480149_2923041281506541568_n.jpg']","['Reddit', 'Facebook']","['Reddit/canadaleft', 'Facebook/Leftist Memes for New Democrat Teens']","[nan, nan]","['MidnightTokr', 'nan']","['2019-09-19 13:22:00', '2019-09-27 02:48:00']"
5397,"['2781559-1183843019755274241.jpg', '20vIHCV.jpg']","['twitter', 'Reddit']","['twitter/Scheer4PM cdnelxn2019 cdnpoli', 'Reddit/metacanada']","['Scheer4PM cdnelxn2019 cdnpoli', nan]","['more2mm', 'pharmecist']","['2019-09-01 01:40:00', '2019-10-10 12:05:00']"
5405,"['h5wtk00i2ym31.jpg', '1568844873942.jpg']","['Reddit', '4chan']","['Reddit/metacanada', '4chan/pol']","[nan, nan]","['Skippy_the_clown', 'Anonymous']","['2019-10-02 11:18:00', '2019-10-08 20:15:00']"
5443,"['2710223-1183128595968884736.jpg', '75210322_1016755528656099_6826191767793041408_o.jpg']","['twitter', 'Facebook']","['twitter/cdnpoli ScheerPuppet Elxn43', 'Facebook/National Meme Board of Canada']","['cdnpoli ScheerPuppet Elxn43', nan]","['PoliticalCupid', 'national.meme.board']","['2019-10-12 21:13:00', '2019-10-18 21:16:00']"
5453,"['72136665_1678442825622934_7266035077904072704_n.jpg', '2277076-1179398016375181320.jpg']","['Facebook', 'twitter']","['Facebook/Leftist Memes for New Democrat Teens', 'twitter/elxn43 cdnpoli']","[nan, 'elxn43 cdnpoli']","['nan', 'tanneralford1']","['2019-09-22 14:18:00', '2019-10-02 14:09:00']"
5475,"['3289185-1186456017279864832.jpg', '1386808430764.gif']","['twitter', '4chan']","['twitter/HamOnt elxn43', '4chan/pol']","['HamOnt elxn43', nan]","['TheSpec', 'Anonymous']","['2019-09-28 15:51:00', '2019-10-31 11:47:00']"
5493,"['2710317-1183085194028318721.jpg', '72225783_692611754584460_6699365704279261184_o.png']","['twitter', 'Facebook']","['twitter/cdnpoli elxn43 TrudeauMustGo', 'Facebook/Team Scheer']","['cdnpoli elxn43 TrudeauMustGo', nan]","['claudlemire', 'teamscheer']","['2019-10-12 18:21:00', '2019-10-15 21:03:00']"
5503,"['2414330-1180510350858342401.jpg', '1572501384531.jpg']","['twitter', '4chan']","['twitter/Scheer4PM CPCMajority CPC elx43', '4chan/pol']","['Scheer4PM CPCMajority CPC elx43', nan]","['AlbSeparation', 'Anonymous']","['2019-10-05 15:49:00', '2019-10-10 19:55:00']"
5509,"['2511170-1181421813672267776.jpg', '1567856976746.jpg']","['twitter', '4chan']","['twitter/leadersdebate2019 CanadaDebates2019 NDP', '4chan/pol']","['leadersdebate2019 CanadaDebates2019 NDP', nan]","['SgbOutdoors', 'Anonymous']","['2019-10-08 04:11:00', '2019-10-11 00:51:00']"
5550,"['image55.jpg', '2395565-1180132290459947015.jpg']","['Facebook', 'twitter']","[""Facebook/Don'tDrinktheCanadianCool-Aid"", 'twitter/TrudeauTheHyprocrite trudeaumustgo elxn43 cdnpoli']","[nan, 'TrudeauTheHyprocrite trudeaumustgo elxn43 cdnpoli']","['nan', 'MikeWexit']","['2019-09-19 23:46:00', '2019-10-04 14:47:00']"
5560,"['pOYAQP7.jpg', '1911812-1174790177132183552.jpg']","['Reddit', 'twitter']","['Reddit/canada', 'twitter/TrudeauBlackface cdnpoli elxn43']","[nan, 'TrudeauBlackface cdnpoli elxn43']","['cyborganism', 'YorchCalgarian']","['2019-09-08 18:06:00', '2019-09-19 20:59:00']"
5561,"['a9782b5jytr31.jpg', '2758568-1183235669423841287.jpg']","['Reddit', 'twitter']","['Reddit/metacanada', 'twitter/LOL elxn43']","[nan, 'LOL elxn43']","['StartedGivingBlood', 'mcgrubersghost']","['2019-10-09 14:22:00', '2019-10-13 04:19:00']"
5566,"['1890258-1174722121966243840.jpg', 'PPSIC1a.png']","['twitter', 'Reddit']","['twitter/blackface cdnpoli elxn43 TrudeauBlackface TrudeauMustGo', 'Reddit/metacanada']","['blackface cdnpoli elxn43 TrudeauBlackface TrudeauMustGo', nan]","['GanarlyScott', 'Leberkleister13']","['2019-09-19 16:29:00', '2019-10-11 11:13:00']"
5573,"['2568110-1181741079357378560.jpg', '72900309_2410874295793219_2947365468010184704_n.jpg']","['twitter', 'Facebook']","['twitter/elxn43 NeverScheer ChooseForwardWithTrudeau SaveCanada', 'Facebook/North99']","['elxn43 NeverScheer ChooseForwardWithTrudeau SaveCanada', nan]","['realfabmama', 'wearenorth99']","['2019-10-09 01:20:00', '2019-10-19 05:46:00']"
5651,"['72551573_909117932796818_1531608406022946816_o.png', '2710335-1183213712255016965.jpg']","['Facebook', 'twitter']","['Facebook/Justin Trudeau Not', 'twitter/TrudeauMustGo cdnpoli elxn43 CanadaVotes CanadianThanksgiving']","[nan, 'TrudeauMustGo cdnpoli elxn43 CanadaVotes CanadianThanksgiving']","['JustinTrudeauNot', 'wagondriver_75']","['2019-09-20 00:07:00', '2019-10-13 02:51:00']"
5666,"['71702460_134432304577687_3544917322940547072_n.jpg', 'ouf2weulo8s31.jpg']","['Facebook', 'Reddit']","['Facebook/Leftist Memes for New Democrat Teens', 'Reddit/ndp']","[nan, nan]","['nan', 'MarkG_108']","['2019-09-22 11:26:00', '2019-10-19 04:47:00']"
5719,"['1570233021296.jpg', 'image22.jpg']","['4chan', 'Facebook']","['4chan/pol', 'nan']","[nan, nan]","['Anonymous', 'nan']","['2019-10-14 17:53:00', '2019-10-24 19:33:00']"
5739,"['1530237371708.gif', '2169773-1178471008535273472.jpg']","['4chan', 'twitter']","['4chan/pol', 'twitter/elxn43 ScheerVictory']","[nan, 'elxn43 ScheerVictory']","['Anonymous', 'savagecookie']","['2019-09-13 01:32:00', '2019-09-30 00:45:00']"
5780,"['qixw9q98ofs31.png', '72478687_10157375084256070_8397629969647271936_o.jpg', '2771633-1183599876002721792.jpg']","['Reddit', 'Facebook', 'twitter']","['Reddit/canada', 'Facebook/Leftist Memes for New Democrat Teens', 'twitter/elxn43 cdnpoli']","[nan, nan, 'elxn43 cdnpoli']","['nan', 'nan', 'EremondiJoey']","['2019-09-19 08:54:00', '2019-09-25 00:46:00', '2019-10-14 04:26:00']"
5870,"['592c0gi36vq31.jpg', '2419943-1180729276896878593.jpg']","['Reddit', 'twitter']","['Reddit/canadapolitics', 'twitter/bigmouth s3 cdnpoli']","[nan, 'bigmouth s3 cdnpoli']","['s-tooner', 'eirallih']","['2019-09-19 18:59:00', '2019-10-06 06:19:00']"
5904,"['72948181_10219360473458985_6567507519642533888_n.jpg', '2495559-1181388164553957377.jpg']","['Facebook', 'twitter']","['Facebook/Leftist Memes for New Democrat Teens', 'twitter/elxn43 cdnpoli']","[nan, 'elxn43 cdnpoli']","['nan', 'classicleesh']","['2019-09-23 17:20:00', '2019-10-08 01:57:00']"
5945,"['2668718-1182359103907258369.jpg', '72787897_2565853603495396_202341320973352960_n.jpg']","['twitter', 'Facebook']","['twitter/BreakingNews JustinTrudeau TrudeauMustGo TrudeauHypocrite LPC CPC PPC', 'Facebook/Old Stock Canadian']","['BreakingNews JustinTrudeau TrudeauMustGo TrudeauHypocrite LPC CPC PPC', nan]","['Waddy_D', 'nan']","['2019-10-10 18:15:00', '2019-10-19 06:50:00']"
5949,"['73321832_142881793732738_5847891165151494144_n.jpg', '16ndoed94wu31.jpg']","['Facebook', 'Reddit']","['Facebook/Game Changers', 'Reddit/onguardforthee']","[nan, nan]","['GamechangeCanada', 'DunningFreddieKruger']","['2019-09-20 00:00:00', '2019-10-19 13:20:00']"
5960,"['jj41koae0pq31.jpg', '71701002_10156618070800868_3609367572119552000_n.jpg']","['Reddit', 'Facebook']","['Reddit/canadaleft', 'Facebook/Leftist Memes for New Democrat Teens']","[nan, nan]","['notlikelyevil', 'nan']","['2019-09-19 12:03:00', '2019-09-23 07:08:00']"
5970,"['z3mr3tqrzqt31.jpg', '72923383_2489025991182720_8003565839770976256_n.jpg']","['Reddit', 'Facebook']","['Reddit/canadaleft', 'Facebook/Leftist Memes for New Democrat Teens']","[nan, nan]","['rbdk01', 'nan']","['2019-09-19 13:19:00', '2019-09-26 11:45:00']"
5979,"['2064906-1177266786833551361.jpg', '1568573010654.gif']","['twitter', '4chan']","['twitter/politics cdnpoli', '4chan/pol']","['politics cdnpoli', nan]","['NicholasJohn83', 'Anonymous']","['2019-09-26 17:00:00', '2019-09-30 18:28:00']"
6011,"['1571633950162.jpg', 'image219.jpg']","['4chan', 'Facebook']","['4chan/pol', 'nan']","[nan, nan]","['Anonymous', 'nan']","['2019-09-30 18:45:00', '2019-10-24 19:33:00']"
6014,"['3481974-1187922963791863808.jpg', '73472730_723912738108242_16385587997048832_n.jpg']","['twitter', 'Facebook']","['twitter/cdnpoli AbLeg abpoli', 'Facebook/Leftist Memes for New Democrat Teens']","['cdnpoli AbLeg abpoli', nan]","['cndncommentator', 'nan']","['2019-09-09 02:51:00', '2019-09-27 12:45:00']"
6035,"['4ukvk3puf0r31.jpg', '2415903-1180722221532078080.jpg']","['Reddit', 'twitter']","['Reddit/canadaleft', 'twitter/kamloops cookie cdnpoli']","[nan, 'kamloops cookie cdnpoli']","['rbdk01', 'klossnercommie']","['2019-09-19 12:09:00', '2019-10-06 05:51:00']"
6116,"['3288251-1186429067224080384.jpg', 'kvYu0GI.png']","['twitter', 'Reddit']","['twitter/ElectionDay elxn43', 'Reddit/metacanada']","['ElectionDay elxn43', nan]","['ZanderQKelly', 'Ham_Sandwich77']","['2019-09-27 13:07:00', '2019-10-10 22:52:00']"
6125,"['71784974_135401177814133_207843719540375552_n.jpg', 'dc4emzf25qq31.jpg']","['Facebook', 'Reddit']","['Facebook/Game Changers', 'Reddit/onguardforthee']","[nan, nan]","['GamechangeCanada', 'DunningFreddieKruger']","['2019-09-19 23:49:00', '2019-10-19 09:23:00']"
6153,"['2786766-1183829510002749442.jpg', 'image147.jpg']","['twitter', 'Facebook']","['twitter/CTV elxn43 trust', ""Facebook/Don'tDrinktheCanadianCool-Aid""]","['CTV elxn43 trust', nan]","['OPCYARockette', 'nan']","['2019-09-01 00:24:00', '2019-09-19 23:47:00']"
6170,"['1800101-1173987377599135744.jpg', '1570464475900.jpg']","['twitter', '4chan']","['twitter/ScheerDisaster ChooseForward elxn43', '4chan/pol']","['ScheerDisaster ChooseForward elxn43', nan]","['deb393', 'Anonymous']","['2019-09-17 15:49:00', '2019-10-13 01:15:00']"
6231,"['3065022-1185560443307249665.jpg', '1488402669640.gif']","['twitter', '4chan']","['twitter/cdnpoli elxn43 Canada Trudeau LavScam', '4chan/pol']","['cdnpoli elxn43 Canada Trudeau LavScam', nan]","['KevinKiejko', 'Anonymous']","['2019-09-16 15:07:00', '2019-10-02 22:44:00']"
6232,"['3064523-1185591334796713985.jpg', '73372269_704421453396640_1625689449893462016_n.jpg']","['twitter', 'Facebook']","['twitter/elxn43 elx43 cdnelxn2019', 'Facebook/Canada Proud']","['elxn43 elx43 cdnelxn2019', nan]","['paolam1973', 'CanadaProud.org']","['2019-09-16 20:19:00', '2019-09-19 09:18:00']"
6234,"['hf26lh01wru31.jpg', '73241566_1017721201892865_2923032051621822464_n.jpg']","['Reddit', 'Facebook']","['Reddit/canadaleft', 'Facebook/National Meme Board of Canada']","[nan, nan]","['rbdk01', 'national.meme.board']","['2019-09-19 14:01:00', '2019-10-18 22:58:00']"
6251,"['rc88ztusj8r31.jpg', '2423286-1180997634607108097.jpg']","['Reddit', 'twitter']","['Reddit/canadaleft', 'twitter/VoteOrange VoteNDP JagmeetSingh cdnpoli elxn43']","[nan, 'VoteOrange VoteNDP JagmeetSingh cdnpoli elxn43']","['rbdk01', 'firstbrianagh']","['2019-09-19 12:17:00', '2019-10-07 00:05:00']"
6254,"['6u8x78p0igs31.jpg', '72369506_10157949271866416_4442833601137999872_n.jpg']","['Reddit', 'Facebook']","['Reddit/canadaleft', 'Facebook/Leftist Memes for New Democrat Teens']","[nan, nan]","['rbdk01', 'nan']","['2019-09-19 12:39:00', '2019-09-24 12:36:00']"
6255,"['image41.jpg', '2224854-1178851190634762241.jpg']","['Facebook', 'twitter']","[""Facebook/Don'tDrinktheCanadianCool-Aid"", 'twitter/TrudeauMustGo canpoli']","[nan, 'TrudeauMustGo canpoli']","['nan', 'Comoncentscourt']","['2019-09-19 23:45:00', '2019-10-01 01:56:00']"
6350,"['bpiowgzymzs31.png', '75233840_4531805467372_2207597784096309248_n.jpg']","['Reddit', 'Facebook']","['Reddit/canadaleft', 'Facebook/Leftist Memes for New Democrat Teens']","[nan, nan]","['ComradeCroix', 'nan']","['2019-09-19 12:48:00', '2019-09-26 08:45:00']"
6354,"['1813078-1173658445767217159.jpg', '1449171242289.gif']","['twitter', '4chan']","['twitter/ScheerDisaster cdnpoli elxn43', '4chan/pol']","['ScheerDisaster cdnpoli elxn43', nan]","['AdPowPow', 'Anonymous']","['2019-09-16 18:02:00', '2019-10-08 00:46:00']"
6386,"['1552647626878.gif', '1805620-1173139271684939776.jpg']","['4chan', 'twitter']","['4chan/pol', 'twitter/cdnpoli onpoli abpoli elxn43 MakeCanadaGreatAgain TrudeauMustGo TrudeauWorstPM NotABot']","[nan, 'cdnpoli onpoli abpoli elxn43 MakeCanadaGreatAgain TrudeauMustGo TrudeauWorstPM NotABot']","['Anonymous', 'Warstar369']","['2019-09-10 00:27:00', '2019-09-15 07:39:00']"
6392,"['2152578-1178285177858121728.jpg', '1568890977252.jpg']","['twitter', '4chan']","['twitter/PeoplesParty cdnpoli', '4chan/pol']","['PeoplesParty cdnpoli', nan]","['Bret_Sears', 'Anonymous']","['2019-09-29 12:27:00', '2019-10-19 21:32:00']"
6403,"['1521604663877.jpg', '1b6y7rd72mv31.png']","['4chan', 'Reddit']","['4chan/pol', 'Reddit/canada']","[nan, nan]","['Anonymous', 'JordanZeKing']","['2019-09-17 15:50:00', '2019-09-19 04:40:00']"
6406,"['image115.jpg', '1535058387134.jpg']","['Facebook', '4chan']","[""Facebook/Don'tDrinktheCanadianCool-Aid"", '4chan/pol']","[nan, nan]","['nan', 'Anonymous']","['2019-09-19 23:47:00', '2019-10-20 02:01:00']"
6437,"['3183653-1186656896247312384.jpg', '16hi8z8vk3u31.png']","['twitter', 'Reddit']","['twitter/elxn43 ElectionsCanada', 'Reddit/canadapoliticshumour']","['elxn43 ElectionsCanada', nan]","['thecaptivetruth', 'picard786']","['2019-09-05 13:26:00', '2019-09-19 22:25:00']"
6491,"['72601778_2495202663905830_8862437369144410112_n.jpg', '2dsqbjcophm31.jpg']","['Facebook', 'Reddit']","['Facebook/Justin Trudno', 'Reddit/metacanada']","[nan, nan]","['JustinTrudeauNope', 'BacalaMuntoni']","['2019-09-20 16:39:00', '2019-10-01 15:02:00']"
6498,"['1926147-1175054199559733248.jpg', 'XET1pNd.jpg', '1568945156288.jpg']","['twitter', 'Reddit', '4chan']","['twitter/iOS13 cdnpoli blackface BrownFaceTrudeau', 'Reddit/metacanada', '4chan/pol']","['iOS13 cdnpoli blackface BrownFaceTrudeau', nan, nan]","['GTMB_', 'northdancer', 'Anonymous']","['2019-09-20 14:28:00', '2019-10-04 19:06:00', '2019-10-08 02:08:00']"
6522,"['3064826-1185572790566637568.jpg', '71878047_2408992845981364_6522501953212121088_o.jpg']","['twitter', 'Facebook']","['twitter/elxn43 elxnday ABC', 'Facebook/North99']","['elxn43 elxnday ABC', nan]","['DaleJr288', 'wearenorth99']","['2019-09-16 18:23:00', '2019-10-19 05:46:00']"
6528,"['2778102-1183893745403596800.jpg', 'gz3kmft6pwt31.jpg', '72648165_10213505698510971_2709161475057909760_n.jpg']","['twitter', 'Reddit', 'Facebook']","['twitter/cdnpoli elx43', 'Reddit/canadaleft', 'Facebook/Leftist Memes for New Democrat Teens']","['cdnpoli elx43', nan, nan]","['ynd_jnd', 'MidnightTokr', 'nan']","['2019-09-01 14:45:00', '2019-09-19 13:34:00', '2019-09-24 20:19:00']"
6541,"['ml8drw4p5fo31.jpg', '2004101-1176261377524142087.jpg']","['Reddit', 'twitter']","['Reddit/canadapoliticshumour', 'twitter/Canelxn elxn43']","[nan, 'Canelxn elxn43']","['cocodoor', 'corinnelaporte']","['2019-09-19 20:58:00', '2019-09-23 22:25:00']"
6616,"['2155217-1178090011587072000.jpg', '1569808902699.jpg']","['twitter', '4chan']","['twitter/TrudeauMustGo twatwaffle cdnpoli elxn43', '4chan/pol']","['TrudeauMustGo twatwaffle cdnpoli elxn43', nan]","['MikeWexit', 'Anonymous']","['2019-09-28 23:32:00', '2019-10-12 22:40:00']"
6621,"['iccr9aqawvn31.jpg', '1894412-1174801746092154882.jpg']","['Reddit', 'twitter']","['Reddit/canada', 'twitter/TrudeauBlackface cdnpoli elx43 elxn2019']","[nan, 'TrudeauBlackface cdnpoli elx43 elxn2019']","['Immortal_Meow', 'Chris_Ravary']","['2019-09-09 22:57:00', '2019-09-19 21:45:00']"
6710,"['2986353-1184554335050428416.jpg', 'bvxblyegr6u31.png']","['twitter', 'Reddit']","['twitter/WhyIVotedPeoplesParty elxn43 polcan canpoli PeoplesPartyofCanada', 'Reddit/metacanada']","['WhyIVotedPeoplesParty elxn43 polcan canpoli PeoplesPartyofCanada', nan]","['msprissy55', 'MaxPap20']","['2019-09-11 20:10:00', '2019-10-13 10:25:00']"
6724,"['2593110-1182000596062093312.jpg', '1570569309607.jpg']","['twitter', '4chan']","['twitter/ClimateBrawl ScienceIsSettled elxn43', '4chan/pol']","['ClimateBrawl ScienceIsSettled elxn43', nan]","['ResetAlberta', 'Anonymous']","['2019-10-09 18:31:00', '2019-10-14 14:40:00']"
6801,"['3017297-1184986265105653761.jpg', '1473085240022.gif']","['twitter', '4chan']","['twitter/elxn43 cdnpoli', '4chan/pol']","['elxn43 cdnpoli', nan]","['TheAdadis', 'Anonymous']","['2019-09-13 03:48:00', '2019-09-28 23:30:00']"
6814,"['76688953_714136325763298_4362970140262793216_n.jpg', '1571876358857.png']","['Facebook', '4chan']","['Facebook/Mad Max Bernier', '4chan/pol']","[nan, nan]","['MadMaxBernier', 'Anonymous']","['2019-09-28 13:08:00', '2019-09-29 16:42:00']"
6818,"['2686248-1182683285446680577.jpg', '72320816_693337694511866_2754659004222275584_n.jpg']","['twitter', 'Facebook']","['twitter/ParodyCabinet cdnpoli', 'Facebook/Team Scheer']","['ParodyCabinet cdnpoli', nan]","['BillPorneau', 'teamscheer']","['2019-10-11 15:44:00', '2019-10-15 21:04:00']"
6939,"['snemptnbtvu31.jpg', '73713666_10213603417873894_5528655437269827584_n.jpg']","['Reddit', 'Facebook']","['Reddit/canadaleft', 'Facebook/Leftist Memes for New Democrat Teens']","[nan, nan]","['MidnightTokr', 'nan']","['2019-09-19 14:06:00', '2019-09-27 14:23:00']"
6996,"['71500036_135022857851965_8310424618661838848_n.jpg', 'kajug65dscq31.jpg']","['Facebook', 'Reddit']","['Facebook/Leftist Memes for New Democrat Teens', 'Reddit/onguardforthee']","[nan, nan]","['nan', 'DunningFreddieKruger']","['2019-09-22 16:19:00', '2019-10-19 09:17:00']"
7035,"['1570341666139.jpg', 'reo50x1d7hv31.jpg']","['4chan', 'Reddit']","['4chan/pol', 'Reddit/metacanada']","[nan, nan]","['CanaCuck', 'Popinz']","['2019-10-12 02:48:00', '2019-10-14 14:00:00']"
7148,"['1933644-1175056289862422528.jpg', 'KFK4NyF.png']","['twitter', 'Reddit']","['twitter/Canada cdnpoli CanadaVotes', 'Reddit/onguardforthee']","['Canada cdnpoli CanadaVotes', nan]","['Geek__FTW', 'UsedToDonateBlood']","['2019-09-20 14:37:00', '2019-10-19 08:05:00']"
7153,"['1571201436871.jpg', '3110748-1186383708732960768.jpg']","['4chan', 'twitter']","['4chan/pol', 'twitter/cdnpoli elxn2019 ANDREWSCHEER4PM']","[nan, 'cdnpoli elxn2019 ANDREWSCHEER4PM']","['Anonymous', 'kanuck_j']","['2019-09-17 16:52:00', '2019-09-25 22:22:00']"
7168,"['74288931_141421587212092_2951056721818157056_n.jpg', 'ou6smeasw7s31.jpg']","['Facebook', 'Reddit']","['Facebook/Game Changers', 'Reddit/onguardforthee']","[nan, nan]","['GamechangeCanada', 'DunningFreddieKruger']","['2019-09-19 23:57:00', '2019-10-19 10:32:00']"
7174,"['2102372-1178023896810840064.jpg', '8qxwusbs53p31.jpg']","['twitter', 'Reddit']","['twitter/cdnpoli ClimateStrike', 'Reddit/metacanada']","['cdnpoli ClimateStrike', nan]","['q_enns', 'Neutral_admin']","['2019-09-28 19:09:00', '2019-10-06 13:56:00']"
7192,"['72543078_920095265032418_8840835345797873664_n.jpg', '7s1yue5st0t31.jpg']","['Facebook', 'Reddit']","['Facebook/Justin Trudeau Not', 'Reddit/metacanada']","[nan, nan]","['JustinTrudeauNot', 'grizzer99']","['2019-09-20 00:24:00', '2019-10-10 18:37:00']"
7254,"['2990108-1184584119419887616.jpg', '72674852_919332741775337_8574379036497674240_n.jpg']","['twitter', 'Facebook']","['twitter/WheresSophie elxn43 TrudeauMustGo', 'Facebook/Justin Trudeau Not']","['WheresSophie elxn43 TrudeauMustGo', nan]","['Popcornjoe', 'JustinTrudeauNot']","['2019-09-11 23:57:00', '2019-09-20 00:23:00']"
7256,"['1568727784867.jpg', '1819542-1174381510087983104.jpg']","['4chan', 'twitter']","['4chan/pol', 'twitter/PPC canpoli']","[nan, 'PPC canpoli']","['Anonymous', 'DailyRasp']","['2019-09-17 21:52:00', '2019-09-18 17:55:00']"
7332,"['xj9vaftlcaq31.jpg', '71207699_4514416912669_2582902381586939904_n.jpg']","['Reddit', 'Facebook']","['Reddit/canadaleft', 'Facebook/Leftist Memes for New Democrat Teens']","[nan, nan]","['rbdk01', 'nan']","['2019-09-19 11:41:00', '2019-09-22 12:19:00']"
7374,"['1928191-1175086920013156352.jpg', 'bZUrBoN.jpg']","['twitter', 'Reddit']","['twitter/GretaThunberg elxn43 polcan cdnpoli', 'Reddit/metacanada']","['GretaThunberg elxn43 polcan cdnpoli', nan]","['LucMatte9', 'Skippy_the_clown']","['2019-09-20 16:38:00', '2019-10-02 15:45:00']"
7409,"['3055026-1185508213455650816.jpg', '1570151758327.jpg']","['twitter', '4chan']","['twitter/elxn43 cdnpoli', '4chan/pol']","['elxn43 cdnpoli', nan]","['PPCFIRE1', 'Anonymous']","['2019-09-15 09:09:00', '2019-10-01 15:17:00']"
7445,"['2498677-1181375525912272898.jpg', '1436477603425.gif']","['twitter', '4chan']","['twitter/CanadaDebates2019 elx43 CDNvote2019 cdnpoli', '4chan/pol']","['CanadaDebates2019 elx43 CDNvote2019 cdnpoli', nan]","['krisprou', 'Anonymous']","['2019-10-08 01:07:00', '2019-10-09 15:46:00']"
7488,"['2990177-1184571958689779713.jpg', '1554809856520.gif']","['twitter', '4chan']","['twitter/elxn43 cdnpoli', '4chan/pol']","['elxn43 cdnpoli', nan]","['mikesmallhorn', 'Anonymous']","['2019-09-11 22:14:00', '2019-10-01 19:05:00']"
7521,"['1836894-1172205514324926466.jpg', '72837981_1013938745604444_7052191289051185152_n.jpg']","['twitter', 'Facebook']","['twitter/elxn43 cdnpoli', 'Facebook/National Meme Board of Canada']","['elxn43 cdnpoli', nan]","['MTHargoe', 'national.meme.board']","['2019-09-12 17:49:00', '2019-10-18 17:38:00']"
7678,"['4yxkve3ia4v31.jpg', '72888502_10156226298921152_7368784658563072000_n.jpg']","['Reddit', 'Facebook']","['Reddit/canadapolitics', 'Facebook/Leftist Memes for New Democrat Teens']","[nan, nan]","['CrackPlug', 'nan']","['2019-09-19 19:53:00', '2019-09-27 01:07:00']"
7697,"['2674992-1182454627528261632.jpg', '1386796944170.gif']","['twitter', '4chan']","['twitter/elxn43 cdnpoli', '4chan/pol']","['elxn43 cdnpoli', nan]","['meyer_lucas', 'Anonymous']","['2019-10-11 00:35:00', '2019-11-19 23:00:00']"
7850,"['1885527-1173223988878807052.jpg', '5oa8se0crzl31.png']","['twitter', 'Reddit']","['twitter/cdnpoli Captaincrayon', 'Reddit/metacanada']","['cdnpoli Captaincrayon', nan]","['America_Cdn_USA', 'StartedGivingBlood']","['2019-09-15 13:16:00', '2019-09-30 17:00:00']"
7876,"['3487565-1188137483592093696.jpg', 'image187.jpg']","['twitter', 'Facebook']","['twitter/cdnpoli abpoli WEXIT WEXITNOW', 'Facebook/Canada Proud']","['cdnpoli abpoli WEXIT WEXITNOW', nan]","['Chris_Ravary', 'CanadaProud.org']","['2019-09-09 21:12:00', '2019-09-19 09:33:00']"
7882,"['1813870-1173568508661288961.jpg', '72262136_139112027443048_5965502814418370560_n.jpg']","['twitter', 'Facebook']","['twitter/cdnpoli NDP', 'Facebook/Leftist Memes for New Democrat Teens']","['cdnpoli NDP', nan]","['swyphte', 'nan']","['2019-09-16 12:05:00', '2019-09-25 02:09:00']"
7902,"['1562357101557.png', 'ocedz6p9x3q31.jpg']","['4chan', 'Reddit']","['4chan/pol', 'Reddit/metacanada']","[nan, nan]","['Anonymous', 'r-Canada_First']","['2019-10-04 01:28:00', '2019-10-07 14:10:00']"
7928,"['l2ixseh200q31.png', '1567798892825.jpg']","['Reddit', '4chan']","['Reddit/metacanada', '4chan/pol']","[nan, nan]","['barosa', 'Anonymous']","['2019-10-07 11:54:00', '2019-10-13 23:53:00']"
7929,"['1958865-1175903375927500803.jpg', 'n5wattwoy5o31.jpg']","['twitter', 'Reddit']","['twitter/Trudeau JustinTrudeau BlackFace cdnpoli elxn43', 'Reddit/metacanada']","['Trudeau JustinTrudeau BlackFace cdnpoli elxn43', nan]","['Klompzz', 'Nirvii']","['2019-09-22 22:43:00', '2019-10-05 10:37:00']"
7951,"['3246853-1187133258317910017.jpg', '1573778958967.gif']","['twitter', '4chan']","['twitter/cdnpoli cpc', '4chan/pol']","['cdnpoli cpc', nan]","['ShaneMackenzie_', 'Anonymous']","['2019-09-08 00:51:00', '2019-10-20 10:46:00']"
7992,"['image24.jpg', 'vkee0br59rq31.jpg']","['Facebook', 'Reddit']","[""Facebook/Don'tDrinktheCanadianCool-Aid"", 'Reddit/metacanada']","[nan, nan]","['nan', 'StartedGivingBlood']","['2019-09-19 23:44:00', '2019-10-08 07:19:00']"
8026,"['nxp25bb8jxu31.jpg', '71831925_1016436258688026_3885741673870786560_o.jpg']","['Reddit', 'Facebook']","['Reddit/metacanada', 'Facebook/National Meme Board of Canada']","[nan, nan]","['BasementBreakfast', 'national.meme.board']","['2019-10-13 23:12:00', '2019-10-18 20:11:00']"
8054,"['1796147-1171974524595658752.jpg', '1569782092656.jpg']","['twitter', '4chan']","['twitter/HighTreason TrudeauMustGoToJail LiberalismIsAMentalDisorder FireRCMPcommr cdnpoli AbolishTheUN', '4chan/pol']","['HighTreason TrudeauMustGoToJail LiberalismIsAMentalDisorder FireRCMPcommr cdnpoli AbolishTheUN', nan]","['TacomaBliss', 'Anonymous']","['2019-09-12 02:31:00', '2019-11-03 16:15:00']"
8095,"['2271630-1179425441024753664.jpg', '71099065_2118692225100763_738922193831854080_n.jpg']","['twitter', 'Facebook']","['twitter/Elexn43 cdnpoli', 'Facebook/NL Strong']","['Elexn43 cdnpoli', nan]","['Gran737', 'StrongNL']","['2019-10-02 15:58:00', '2019-10-19 05:19:00']"
8100,"['2297415-1179747526716592128.jpg', '1569174027327.jpg']","['twitter', '4chan']","['twitter/PPC cdnpoli', '4chan/pol']","['PPC cdnpoli', nan]","['fanfan21', 'Anonymous']","['2019-10-03 13:18:00', '2019-10-08 18:04:00']"
8149,"['2982470-1184502169430478849.jpg', '72903082_2579493848798038_985490751557206016_o.jpg']","['twitter', 'Facebook']","['twitter/cdnpoli tcot polcan politicstoday', 'Facebook/Old Stock Canadian']","['cdnpoli tcot polcan politicstoday', nan]","['OldStockCAN', 'OldStockCDN']","['2019-09-11 14:35:00', '2019-10-19 06:20:00']"
8164,"['2266994-1179231986675802112.jpg', '8gtevxayysn31.png']","['twitter', 'Reddit']","['twitter/elxn43 TrudeauBlackface', 'Reddit/metacanada']","['elxn43 TrudeauBlackface', nan]","['RichardAustin77', 'StartedGivingBlood']","['2019-10-02 03:09:00', '2019-10-04 12:51:00']"
8173,"['1572192129738.jpg', 'wjt5v7q3irn31.jpg']","['4chan', 'Reddit']","['4chan/pol', 'Reddit/metacanada']","[nan, nan]","['Anonymous', 'AussieXPat']","['2019-10-04 00:34:00', '2019-10-04 08:43:00']"
8177,"['3477174-1187821652580667394.jpg', '74505866_1019255115072807_1471229622631792640_n.jpg']","['twitter', 'Facebook']","['twitter/cdnpoli LGBTQ', 'Facebook/National Meme Board of Canada']","['cdnpoli LGBTQ', nan]","['NMBCanada', 'national.meme.board']","['2019-09-09 17:13:00', '2019-10-19 04:00:00']"
8181,"['1936126-1175112541187530753.jpg', '1569011732458.jpg']","['twitter', '4chan']","['twitter/elxn43 cdnpoli', '4chan/pol']","['elxn43 cdnpoli', nan]","['BillFosterNoTec', 'Anonymous']","['2019-09-20 18:20:00', '2019-10-08 01:02:00']"
8256,"['3134424-1186038660094930944.jpg', 'bcnw18t058t31.png']","['twitter', 'Reddit']","['twitter/polqc polcan', 'Reddit/metacanada']","['polqc polcan', nan]","['s_bombero', 'StartedGivingBlood']","['2019-09-20 22:19:00', '2019-10-11 00:08:00']"
8264,"['zpxplrnyb7p31.jpg', '1569619779815.jpg']","['Reddit', '4chan']","['Reddit/metacanada', '4chan/pol']","[nan, nan]","['Antifa_terror_level', 'Anonymous']","['2019-10-06 13:35:00', '2019-10-11 00:30:00']"
8267,"['3217183-1185594545016365056.jpg', '71322003_694432397728879_2202229590372384768_n.jpg']","['twitter', 'Facebook']","['twitter/elxn43 canadavotes2019 cdnpoli TrudeauMustGo elxn2019', 'Facebook/Canada Proud']","['elxn43 canadavotes2019 cdnpoli TrudeauMustGo elxn2019', nan]","['fedupCdian', 'CanadaProud.org']","['2019-09-16 20:51:00', '2019-09-19 08:58:00']"
8335,"['1897872-1174738532759265280.jpg', '0n1pjd1lwkn31.png']","['twitter', 'Reddit']","['twitter/blackface BrownFaceTrudeau cdnpoli elxn43', 'Reddit/metacanada']","['blackface BrownFaceTrudeau cdnpoli elxn43', nan]","['Theoneme97', 'CurrentYearFeelings']","['2019-09-19 17:34:00', '2019-10-03 11:47:00']"
8394,"['vn9xkgavf6s31.jpg', '2750096-1183252373466054661.jpg']","['Reddit', 'twitter']","['Reddit/canada', 'twitter/cdnpoli CDNvote2019 cdnelxn2019 JustinTrudeau']","[nan, 'cdnpoli CDNvote2019 cdnelxn2019 JustinTrudeau']","['NormalUsername1809', 'Rantaramic']","['2019-09-16 11:20:00', '2019-10-13 05:25:00']"
8411,"['1781856-1172832433286328320.jpg', 'db55wh2b8vk31.png']","['twitter', 'Reddit']","['twitter/elxn43 TrudeauMustGo', 'Reddit/metacanada']","['elxn43 TrudeauMustGo', nan]","['Jimbo679', '2dratbil']","['2019-09-14 11:20:00', '2019-09-29 17:05:00']"
8419,"['1571841904085.jpg', 'mJsJj07.jpg']","['4chan', 'Reddit']","['4chan/pol', 'Reddit/metacanada']","[nan, nan]","['Anonymous', 'Flowboss_107']","['2019-09-24 21:03:00', '2019-10-12 15:48:00']"
8440,"['2024212-1176893629236801536.jpg', '88bepakvnro31.jpg']","['twitter', 'Reddit']","['twitter/cdnpoli JustinTrudeau ElizabethMay JagmeetSingh', 'Reddit/onguardforthee']","['cdnpoli JustinTrudeau ElizabethMay JagmeetSingh', nan]","['Crackmacs', 'Crackmacs']","['2019-09-25 16:18:00', '2019-10-19 08:33:00']"
8485,"['2297147-1179753931985100805.jpg', 'yu5nuvs.png']","['twitter', 'Reddit']","['twitter/cdnpoli elxn43 HighCarbonHypocrite', 'Reddit/metacanada']","['cdnpoli elxn43 HighCarbonHypocrite', nan]","['ST_Phelan', 'Ham_Sandwich77']","['2019-10-03 13:43:00', '2019-10-14 17:41:00']"
8523,"['bdywdk7ui6t31.jpg', '72821360_10104678920767651_5746408806003245056_o.jpg']","['Reddit', 'Facebook']","['Reddit/canadaleft', 'Facebook/Leftist Memes for New Democrat Teens']","[nan, nan]","['DunningFreddieKruger', 'nan']","['2019-09-19 13:00:00', '2019-09-25 15:43:00']"
8533,"['1570383306808.jpg', 'htfwmyfneju31.png']","['4chan', 'Reddit']","['4chan/pol', 'Reddit/metacanada']","[nan, nan]","['Anonymous', 'AryanDude1']","['2019-10-12 16:45:00', '2019-10-13 15:07:00']"
8534,"['2sj13cmfcnu31.jpg', '75380481_1017357121929273_2548115139354165248_n.jpg']","['Reddit', 'Facebook']","['Reddit/canadaleft', 'Facebook/National Meme Board of Canada']","[nan, nan]","['rbdk01', 'national.meme.board']","['2019-09-19 14:00:00', '2019-10-18 22:04:00']"
