source,target,weight
4chan/pol,Facebook/Don'tDrinktheCanadianCool-Aid,1
4chan/pol,Facebook/Old Stock Canadian,2
4chan/pol,Reddit/canada,1
4chan/pol,Reddit/metacanada,9
4chan/pol,Reddit/ndp,1
4chan/pol,Reddit/onguardforthee,2
4chan/pol,twitter/AmericanAndy cdnpoli,1
4chan/pol,twitter/CanadaFirst cdnpoli,1
4chan/pol,twitter/Embarrassing TrudeauBlackface TrudeauMustGo cdnelxn2019 elxn43 CanadaVotes,1
4chan/pol,twitter/ExtinctionRebellion Climate Hypocrisy Edmonton cndpoli,1
4chan/pol,twitter/FAKE elxn43,1
4chan/pol,twitter/HarryPotter elxn43 canadavotes2019,1
4chan/pol,twitter/MakeMrBernierPM PeoplesPartyofCanada elxn43,1
4chan/pol,twitter/NDP Students college University Canada,1
4chan/pol,twitter/NotAsAdvertised ScheeringTheResume cdnpoli,1
4chan/pol,twitter/PPC canpoli,1
4chan/pol,twitter/TrudeauMustGo SaveCanada cdnpoli elxn43,1
4chan/pol,twitter/TrudeauMustResign TrudeauMustGo TrudeauBlackface cdnpoli,1
4chan/pol,twitter/ableg cdnpoli elxn43,1
4chan/pol,twitter/byeLiberals elxn43,1
4chan/pol,twitter/canpoli TrudeauMustGo,1
4chan/pol,twitter/canpoli TrudeauMustResign,1
4chan/pol,twitter/cdnpoli ABpoli BCpoli,1
4chan/pol,twitter/cdnpoli CDNvote2019,1
4chan/pol,twitter/cdnpoli CanadaElection2019,1
4chan/pol,twitter/cdnpoli Trudeau,1
4chan/pol,twitter/cdnpoli TrudeauMustGo,1
4chan/pol,twitter/cdnpoli elxn2019 ANDREWSCHEER4PM,1
4chan/pol,twitter/cdnpoli elxn43,1
4chan/pol,twitter/cdnpoli elxn43 ClimateStrike ClimateAction AttackRealPolluters OilSandsProud SupportCanadianEnergy,1
4chan/pol,twitter/cdnpoli onpoli abpoli elxn43 MakeCanadaGreatAgain TrudeauMustGo TrudeauWorstPM NotABot,1
4chan/pol,twitter/cndpoli elxn43 LiberalCorruption TrudeauCorruption VoteThemAllOut,1
4chan/pol,twitter/debate cdnpoli,1
4chan/pol,twitter/elxn43 ChooseMaxime,1
4chan/pol,twitter/elxn43 ScheerVictory,1
4chan/pol,twitter/elxn43 cdnpoli,2
4chan/pol,twitter/elxn43 cdnpolil leadersdebate2019,1
4chan/pol,twitter/hamont onpoli elxn43,1
4chan/pol,twitter/leadersdebate2019 cdnpoli,1
4chan/pol,twitter/ppc Canada,1
4chan/pol,twitter/wexit cdnpoli,1
Facebook/Canada Proud,twitter/Thanksgiving elxn43 cdnpoli,1
Facebook/Canada Proud,twitter/TrudeauMustGo CanadaDeservesBetter cdnpoli elxn43,1
Facebook/Canada Proud,twitter/TrudeauMustGo SaveCanada elxn43,1
Facebook/Canada Proud,twitter/cdnpoli elxn43,1
Facebook/Canada Proud,twitter/elxn43 Scheer4PM CDNvote2019,1
Facebook/Canada Proud,twitter/elxn43 TrudeauMustGo,1
Facebook/Don't Drink the Canadian Cool-Aid,twitter/LPC cdnpoli elxn43,1
Facebook/Don't Drink the Canadian Cool-Aid,twitter/elxn43 TrudeauMustGo,1
Facebook/Don'tDrinktheCanadianCool-Aid,4chan/pol,1
Facebook/Don'tDrinktheCanadianCool-Aid,Facebook/Justin Trudeau Not,2
Facebook/Don'tDrinktheCanadianCool-Aid,Reddit/metacanada,2
Facebook/Don'tDrinktheCanadianCool-Aid,twitter/ICYMI cdnpoli elxn43 Debatenight,1
Facebook/Don'tDrinktheCanadianCool-Aid,twitter/TrudeauMustGo canpoli,1
Facebook/Don'tDrinktheCanadianCool-Aid,twitter/TrudeauTheHyprocrite trudeaumustgo elxn43 cdnpoli,1
Facebook/Don'tDrinktheCanadianCool-Aid,twitter/cdnpoli TrudeauMustGo Trudeau Liberal Conservatives Canada Canadian Liberals onpoli FlushTheTurd,1
Facebook/Don'tDrinktheCanadianCool-Aid,twitter/elxn43 cdnpoli TrudeauMustGo,1
Facebook/Game Changers,Facebook/Leftist Memes for New Democrat Teens,3
Facebook/Game Changers,Reddit/onguardforthee,3
Facebook/Game Changers,twitter/cdnpoli elx43,1
Facebook/Game Changers,twitter/cdnpoli elxn43 CanadaDebates2019,1
Facebook/Game Changers,twitter/ndp cdnpoli elxn43,1
Facebook/Justin Trudeau Not,Facebook/Justin Trudno,2
Facebook/Justin Trudeau Not,Facebook/Mad Max Bernier,1
Facebook/Justin Trudeau Not,Reddit/metacanada,3
Facebook/Justin Trudeau Not,twitter/Blackface Trudeaumustgo canpoli,1
Facebook/Justin Trudeau Not,twitter/TrudeauMustGo cdnpoli elxn43 CanadaVotes CanadianThanksgiving,1
Facebook/Justin Trudeau Not,twitter/TrudeauMustGo twatwaffle cdnpoli elxn43,1
Facebook/Justin Trudeau Not,twitter/Trudeaumustgo canpoli,1
Facebook/Justin Trudeau Not,twitter/cdnpoli TrudeauMustGo TrudeauMustGo TrudeauWorstPM TrudeauCorruption TrudeauCorruption,1
Facebook/Justin Trudeau Not,twitter/cdnpoli onpoli,1
Facebook/Justin Trudno,4chan/pol,1
Facebook/Justin Trudno,Reddit/metacanada,4
Facebook/Justin Trudno,twitter/TrudeauTheHyprocrite elxn43 cdnpoli,1
Facebook/Justin Trudno,twitter/cdnpoli elxn43 TrudeauMustGo,1
Facebook/Justin Trudno,twitter/elxn43 cdnpoli,1
Facebook/Leftist Memes for New Democrat Teens,Facebook/LeftistMemesforNewDemocratTeens,1
Facebook/Leftist Memes for New Democrat Teens,Facebook/National Meme Board of Canada,1
Facebook/Leftist Memes for New Democrat Teens,Reddit/metacanada,1
Facebook/Leftist Memes for New Democrat Teens,Reddit/ndp,3
Facebook/Leftist Memes for New Democrat Teens,Reddit/onguardforthee,4
Facebook/Leftist Memes for New Democrat Teens,twitter/Cdnpoli elxn43,1
Facebook/Leftist Memes for New Democrat Teens,twitter/cdnpoli canpoli elxn43 ChooseForward,1
Facebook/Leftist Memes for New Democrat Teens,twitter/cdnpoli elxn43,2
Facebook/Leftist Memes for New Democrat Teens,twitter/cdnpoli elxn43 CanadaElection2019 CanadaVotes2019,1
Facebook/Leftist Memes for New Democrat Teens,twitter/cndpoli elxn43 leadersdebate2019,1
Facebook/Leftist Memes for New Democrat Teens,twitter/elxn43 NDP,2
Facebook/Leftist Memes for New Democrat Teens,twitter/elxn43 cdnpoli,3
Facebook/Leftist Memes for New Democrat Teens,twitter/leadersdebate2019 NDP,1
Facebook/LeftistMemesforNewDemocratTeens,Reddit/ndp,1
Facebook/LeftistMemesforNewDemocratTeens,twitter/anybodybutscheer elx43 LiberalParty cdnpoli,1
Facebook/LeftistMemesforNewDemocratTeens,twitter/cdnpoli elxn43 CanadaElection2019 BritishColumbia,1
Facebook/LeftistMemesforNewDemocratTeens,twitter/cdnpoli elxn43 voteNDP,1
Facebook/LeftistMemesforNewDemocratTeens,twitter/cndpoli Vote,1
Facebook/LeftistMemesforNewDemocratTeens,twitter/cndpoli elxn43 AndrewScheer ScheerDisaster,1
Facebook/LeftistMemesforNewDemocratTeens,twitter/vote elxn43 elxn2019,1
Facebook/Mad Max Bernier,4chan/pol,2
Facebook/National Meme Board of Canada,Reddit/onguardforthee,1
Facebook/NationalMemeBoardofCanada,Reddit/onguardforthee,1
Facebook/Old Stock Canadian,twitter/cdnpoli tcot polcan,1
Reddit/canada,4chan/pol,1
Reddit/canada,Facebook/Leftist Memes for New Democrat Teens,2
Reddit/canada,Reddit/canadapolitics,3
Reddit/canada,Reddit/metacanada,1
Reddit/canada,twitter/BrownFaceTrudeau cdnpoli elxn43,1
Reddit/canada,twitter/JeVoteBloc exln43 polcan polqc Oui21,1
Reddit/canada,twitter/PeoplesParty PPC2019 elxn43,1
Reddit/canada,twitter/Trudeau Blackface cdnpoli,1
Reddit/canada,twitter/TrudeauBlackface cdnpoli elx43 elxn2019,1
Reddit/canada,twitter/TrudeauBlackface cdnpoli elxn43,1
Reddit/canada,twitter/TrudeauBlackface elxn43 cdnpoli,1
Reddit/canada,twitter/TrudeauGrope TrudeauIsARacist cdnpoli,1
Reddit/canada,twitter/canpoli TrudeauMustGo SNCLavalin,1
Reddit/canada,twitter/cdnpoli CDNvote2019 cdnelxn2019 JustinTrudeau,1
Reddit/canada,twitter/cdnpoli browngirlproblems,1
Reddit/canada,twitter/cdnpoli elxn2019 elxn43 FirstDebate,1
Reddit/canada,twitter/cdnpoli elxn43,4
Reddit/canada,twitter/elxn2019 elxn43 cdnpoli polqc polcan,1
Reddit/canada,twitter/elxn43 cdnpoli,2
Reddit/canada,twitter/hw cdnpoli,1
Reddit/canada,twitter/peopleinglasshouses ScheerLies cdnpoli,1
Reddit/canada,twitter/polcan polqc JustinTrudeau,1
Reddit/canadaleft,4chan/pol,2
Reddit/canadaleft,Facebook/Game Changers,4
Reddit/canadaleft,Facebook/Leftist Memes for New Democrat Teens,15
Reddit/canadaleft,Facebook/LeftistMemesforNewDemocratTeens,1
Reddit/canadaleft,Facebook/National Meme Board of Canada,2
Reddit/canadaleft,Reddit/canadapoliticshumour,1
Reddit/canadaleft,Reddit/onguardforthee,1
Reddit/canadaleft,twitter/ClimateStrike cdnpoli youboughtapipeline Trudont,1
Reddit/canadaleft,twitter/NDP2019 cdnpoli NDP NPD,1
Reddit/canadaleft,twitter/VoteOrange VoteNDP JagmeetSingh cdnpoli elxn43,1
Reddit/canadaleft,twitter/elxn43 CanadaVotes,1
Reddit/canadaleft,twitter/elxn43 cdnpoli,1
Reddit/canadaleft,twitter/kamloops cookie cdnpoli,1
Reddit/canadapolitics,Facebook/Leftist Memes for New Democrat Teens,2
Reddit/canadapolitics,Facebook/LeftistMemesforNewDemocratTeens,1
Reddit/canadapolitics,Reddit/metacanada,1
Reddit/canadapolitics,twitter/BlackfaceTrudeau elxn43,1
Reddit/canadapolitics,twitter/TrudeauBlackface TrudeauPrivilege Trudeau TrudeauMustResign TrudeauMustGo cndpoli,1
Reddit/canadapolitics,twitter/Trump BlackFace elxn43,1
Reddit/canadapolitics,twitter/bigmouth s3 cdnpoli,1
Reddit/canadapolitics,twitter/cdnpoli BlackfaceTrudeau TrudeauMustResign,1
Reddit/canadapolitics,twitter/cdnpoli canadaelection2019 elxn43,1
Reddit/canadapolitics,twitter/cdnpoli elxn43,1
Reddit/canadapolitics,twitter/elxn43 CPC LPC,1
Reddit/canadapolitics,twitter/elxn43 TrudeauMustResign BlackfaceTrudeau,1
Reddit/canadapolitics,twitter/elxn43 cdnpoli,1
Reddit/canadapoliticshumour,Facebook/Leftist Memes for New Democrat Teens,2
Reddit/canadapoliticshumour,Facebook/OccupyCanada,1
Reddit/canadapoliticshumour,Reddit/canadianpolitics,1
Reddit/canadapoliticshumour,twitter/Andrew AndrewScheer cdnpoli elxn43,1
Reddit/canadapoliticshumour,twitter/AndrewScheer CPC Elexn43 ScheerHypocrisy leadersdebate2019,1
Reddit/canadapoliticshumour,twitter/AndrewScheer elx43 cdnpoli,1
Reddit/canadapoliticshumour,twitter/Canelxn elxn43,1
Reddit/canadapoliticshumour,twitter/DougFord Onpoli AndrewScheer cdnpoli,1
Reddit/canadapoliticshumour,twitter/DougFord elxn43,1
Reddit/canadapoliticshumour,twitter/Elexn43 LPC,1
Reddit/canadapoliticshumour,twitter/Elexn43 LPC CPC StrategicVoting canlab,1
Reddit/canadapoliticshumour,twitter/NewEmoji cdnpoli,1
Reddit/canadapoliticshumour,twitter/PLC PVC polcan polqc fed2019,1
Reddit/canadapoliticshumour,twitter/ScheerLies cdnpoli,1
Reddit/canadapoliticshumour,twitter/ScheerNotAsAdvertised cdnpoli elxn43,1
Reddit/canadapoliticshumour,twitter/StrategicVoting DontLetThemTellYouItCantBeDone elxn43,1
Reddit/canadapoliticshumour,twitter/Trudeau TrudeauBlackface cdnpoli,1
Reddit/canadapoliticshumour,twitter/WeakAndy cdnpoli elxn43,1
Reddit/canadapoliticshumour,twitter/brownface racism cdnpoli elxn43,1
Reddit/canadapoliticshumour,twitter/cdnpoli elxn43,2
Reddit/canadapoliticshumour,twitter/cndpoli retweet,1
Reddit/canadapoliticshumour,twitter/elxn2019 cdnpoli,1
Reddit/canadapoliticshumour,twitter/elxn43 cdnpoli,2
Reddit/canadapoliticshumour,twitter/elxn43 cdnpoli ScheerDesperation,1
Reddit/canadapoliticshumour,twitter/liberals cdnpoli elxn43,1
Reddit/canadapoliticshumour,twitter/polcan climat,1
Reddit/canadapoliticshumour,twitter/polqc polcan,1
Reddit/canadianpolitics,twitter/RickAstley Canada cdnpoli cdnelxn2019 Elexn43,1
Reddit/metacanada,4chan/pol,18
Reddit/metacanada,Facebook/National Meme Board of Canada,1
Reddit/metacanada,Facebook/Old Stock Canadian,1
Reddit/metacanada,Reddit/onguardforthee,1
Reddit/metacanada,twitter/LOL elxn43,1
Reddit/metacanada,twitter/MakeMrBernierMyPM PeoplesPartyofCanada ChooseMaxime PPC2019 cdnpoli elxn43,1
Reddit/metacanada,twitter/MaxWho NeverMax No2PPC elxn43,1
Reddit/metacanada,twitter/Toronto GTA Ontario CanadaVotes2019 elxn43 CDNvote2019 cdnpoli ONpoli Waldo,1
Reddit/metacanada,twitter/TrudeauMustGo ButtsMustGo notAbot cdnpoli elxn43 ParodyCabinet,1
Reddit/metacanada,twitter/TrudeauMustGo entitledpunk Inapropriate Notaleader disgrace elxn43 cdnpoli,1
Reddit/metacanada,twitter/cdnpoli elxn43,1
Reddit/metacanada,twitter/elxn43 cdnpoli,1
Reddit/metacanada,twitter/onpoli cdnpoli RealTalk Truth,1
Reddit/metacanada,twitter/racist groper cdnpoli,1
Reddit/metacanada,twitter/voteanimal muppets politikahr cdnpoli,1
Reddit/ndp,Reddit/onguardforthee,1
twitter/AbLeg abpoli onpoli skpoli cdnpoli,twitter/cdnpoli NotAsAdvertised,1
twitter/Alberta albertaseparation growup elxn43,Facebook/National Meme Board of Canada,1
twitter/Andrew AndrewScheer cdnpoli elxn43,twitter/ScheeringTheResume ScheerNotAsAdvertised scheerhomophobia elxn43 cdnpoli,1
twitter/AndrewScheer CPC Elexn43 ScheerHypocrisy leadersdebate2019,twitter/ScheerAmerican YankeeDoodleAndy ScheersAmericanOperatives NoPlatformNoVote cdnpoli elxn43,1
twitter/AndrewScheer ScheerAmerican VoteNoCPC cdnpoli elxn43,twitter/cdnpoli ScheerAmerican,1
twitter/AndrewScheer canpoli CanadaVotes,twitter/ChooseForward TrudeauMustStay cdnpoli,1
twitter/AndrewScheer cdnpoli,twitter/AndrewScheer canpoli CanadaVotes,1
twitter/AndrewScheer cdnpoli,twitter/ScheeringTheResume AndysResume cdnpoli elxn43 ScheerNotAsAdvertised,1
twitter/AndrewScheer cdnpoli,twitter/ScheeringTheResume ScheerNotAsAdvertised cdnpoli CPC,1
twitter/AndrewScheer cdnpoli elxn43,Reddit/canadapoliticshumour,1
twitter/AndrewScheer elx43 cdnpoli,twitter/elxn43 cdnpoli,1
twitter/AndrewScheer elxn43,Reddit/canadapoliticshumour,1
twitter/AndrewScheer elxn43 cdnpoli,Reddit/canadapoliticshumour,1
twitter/BlackFace BrownFace elxn43 CDNpoli,twitter/onpoli cdnpoli,1
twitter/Blackface Trudeaumustgo canpoli,twitter/cdnpoli TrudeauMustGo TrudeauMustGo TrudeauWorstPM TrudeauCorruption TrudeauCorruption,1
twitter/BlackfaceTrudeau elxn43,twitter/TrudeauMustGo cdnpoli,1
twitter/BreakingNews JustinTrudeau TrudeauMustGo TrudeauHypocrite LPC CPC PPC,Facebook/Old Stock Canadian,1
twitter/BrownFaceTrudeau Elexn43 cdnpoli,twitter/cdnpoli Election2019,1
twitter/BrownFaceTrudeau cdnpoli elxn43,twitter/blackface BrownFaceTrudeau polcan Election2019 Elections2019,1
twitter/Brownface BrownFaceTrudeau elxn43,Reddit/canadapoliticshumour,1
twitter/CDNPoli Elxn43 CPC ScheerIncompetence ScheerStupidity ScheerNonsense WeakAndy AltRightAndy,twitter/cdnpoli CPC,1
twitter/CDNvote2019 Cdnpoli,Reddit/canadapoliticshumour,1
twitter/CDNvote2019 cdnpoli blackface,4chan/pol,1
twitter/CDNvote2019 cdnpoli cdnmedia,Reddit/canadapoliticshumour,1
twitter/CPC Trump Satire,4chan/pol,1
twitter/CPCMajority cdnpoli,twitter/cdnpoli Trudeaumustgo canadaisbroken elxn43,1
twitter/CTV elxn43 trust,Facebook/Don'tDrinktheCanadianCool-Aid,1
twitter/Canada Cdnpoli Election2019 October21,Facebook/Qu√©bec FIER,1
twitter/Canada Liberal Traitor Trudeau LPC official,Reddit/metacanada,1
twitter/Canada TrudeauCorruption TrudeauBlackface cdnpoli,4chan/pol,1
twitter/Canada cdnpoli CanadaVotes,twitter/elxn43 cdnpoli ScheerHypocrisy ScheerHomophobia scheerweakness,1
twitter/Canada elxn43,Facebook/OccupyCanada,1
twitter/Canada elxn43,twitter/elxn42 cdnpoli,1
twitter/Canada lpc Trudeau cdnpoli,4chan/pol,1
twitter/Canada poll CPC LPC NDP GPC BQ,Reddit/metacanada,1
twitter/CanadaDebates2019 elx43 CDNvote2019 cdnpoli,4chan/pol,1
twitter/CanadaElection2019 elxn43,twitter/ScheerHypocrisy cdnpoli elxn43 VOTE,1
twitter/CanadaElection2019 elxn43,twitter/elxn43 cdnpoli,1
twitter/CanadaFirst cdnpoli,4chan/pol,1
twitter/CanadianElection elxn43 canadianvoice,twitter/Elexn43 cdnpoli,1
twitter/Canadians elxn43,twitter/Trudeau Obama Cdnpoli,1
twitter/Cdnpoli Canada Elections2019,twitter/YankeeDoodleAndy NeverScheer cdnpoli,1
twitter/Cdnpoli Elexn43,4chan/pol,1
twitter/Cdnpoli TrudeauBlackface elxn43 22minutes CBC TrudeauMustGo,Reddit/metacanada,1
twitter/Cdnpoli elxn43,Reddit/canadaleft,1
twitter/Cdnpoli elxn43,Reddit/ndp,1
twitter/Cdnpoli elxn43,twitter/Canada lpc Trudeau cdnpoli,1
twitter/Cdnpoli elxn43 TrudeauBlackface,twitter/cdnpoli elxn43 BrownFaceTrudeau,1
twitter/ChooseBlackward cdnpoli TrudeauTheHypocrite elxn43 TrudeauMustGo,twitter/elxn2019 cdnpoli TrudeauMustGo TrudeauBlackface,1
twitter/ChooseForward TrudeauMustStay cdnpoli,twitter/NeverScheer elxn43,1
twitter/ChooseForward elxn43,4chan/pol,1
twitter/ChooseForwardWithTrudeau ScheerCuts BeachcombersBeWare Cdnpoli,4chan/pol,1
twitter/ChooseForwardWithoutLiberals cdnpoli,twitter/elxn43 cdnpoli Vancouver yvr,1
twitter/ClimateBrawl ScienceIsSettled elxn43,4chan/pol,1
twitter/ClimateChange oil coal pollution cleanenergy cdnpoli GretaThurnberg GretaInAlberta,Reddit/canadapoliticshumour,1
twitter/ClimateEmergency cdnpoli schoolstrike4climate GlobalClimateStrikes StopTMX TransMountain bcpoli CleanEnergy,4chan/pol,1
twitter/ClimateStrikeCanada cdnpoli,twitter/cdnpoli elxn43,1
twitter/ColdWorldNoBlanket cndpoli MorningAfter NoChill,Reddit/canadapoliticshumour,1
twitter/ConservativesHurtKids cdnpoli elxn43,4chan/pol,1
twitter/CrookedCoalition elxn43 TrudeaulessTuesday,Reddit/onguardforthee,1
twitter/Debate1 elxn43 cdnpoli,Reddit/canadapoliticshumour,1
twitter/DefundCBC cdnpoli elxn43 TrudeauMustGo,Facebook/Team Scheer,1
twitter/Diversityisourstrength cdnpoli CDNvote2019,twitter/elxn43 cdnpoli,1
twitter/DougFord Onpoli AndrewScheer cdnpoli,twitter/cdnpoli elxn43,1
twitter/DougFord cdnpoli,Reddit/canadapoliticshumour,1
twitter/DougFord elxn43,twitter/LilDougie elxn43 cdnpoli,1
twitter/DougFord onpoli cdnpoli,Reddit/canadapoliticshumour,1
twitter/DougFraud CPC,twitter/elxn43 cdnpoli ChooseForwardWithTrudeau,1
twitter/Election2019 DebateNight macleans canpoli,twitter/JagmeetSingh NDP JustinTrudeau TrudeauMustGo AndrewScheer,1
twitter/ElectionDay ChooseForward cdnpoli canadavotes2019,Reddit/onguardforthee,1
twitter/ElectionDay elxn43,Reddit/metacanada,1
twitter/ElectionDay elxn43 CanadianElection,twitter/Elxn43 cdnpoli,1
twitter/ElectionDay elxn43 shameful,twitter/elxn43 cdnpoli,1
twitter/Elections2019 polqc polcan BlocQc,Facebook/Qu√©bec FIER,1
twitter/ElectionsCanada elxn43,twitter/cdnpoli elxn43 vote,1
twitter/ElectionsCanada elxn43,twitter/elxn43 cdnpoli,1
twitter/ElectionsCanada elxn43 cdnpoli Scheer,twitter/onpoli cdnpoli topoli Election2019 ICYMI CPC_HQ,1
twitter/Elexn43 ElectionDay canpoli,twitter/TrudeauMustGo cdnpoli elxn43,1
twitter/Elexn43 ElectoralReform LPC,Reddit/canadapoliticshumour,1
twitter/Elexn43 cdnpoli,Facebook/NL Strong,1
twitter/Elexn43 cdnpoli,Reddit/metacanada,1
twitter/Elxn43 cdnpoli,Reddit/canada,1
twitter/Embarrassing TrudeauBlackface TrudeauMustGo cdnelxn2019 elxn43 CanadaVotes,twitter/elxn43 cdnpoli,1
twitter/FakeFeminist TrudeauMustGo cdnpoli elxn43,twitter/MeToo FreePass Trudeau elxn43 polcan,1
twitter/FraudThePeople ScheerCuts ScheerLies FiftyThreeBillionInServiceCuts Cdnpoli ONpoli,Reddit/canadapoliticshumour,1
twitter/FreePass Trudeau RCMP SNCLavalin elxn43 polcan cdnpoli,twitter/cdnpoli ElectionsCanada,1
twitter/GretaThunberg elxn43 polcan,Reddit/metacanada,1
twitter/GretaThunberg elxn43 polcan cdnpoli,Reddit/metacanada,1
twitter/GretaThunberg ygreck elxn43 polcan,4chan/pol,1
twitter/HamOnt elxn43,4chan/pol,1
twitter/HamishMarshall elxn43 cdnpoli,4chan/pol,1
twitter/Harper MeToo elxn43 polcan,twitter/elxn43 cdnpoli,1
twitter/Harper TIME elxn43 polcan cdnpoli,twitter/cdnpoli TrudeauMustGo BrownFaceTrudeau TrudeauBlackface,1
twitter/Harper TrudeauBlackface elxn43 polcan,twitter/Harper TIME elxn43 polcan cdnpoli,1
twitter/HighTreason TrudeauMustGoToJail LiberalismIsAMentalDisorder FireRCMPcommr cdnpoli AbolishTheUN,4chan/pol,1
twitter/InItForYou NewDealForPeople NDP JagmeetSingh firstdebate elxn19,Reddit/canadaleft,1
twitter/InItForYou elxn43 cdnpoli,Facebook/LeftistMemesforNewDemocratTeens,1
twitter/ItsOurVote cdnpoli elxn43,twitter/TriggerChange cdnpoli elxn43 CPC19 CPC cpc2019 TrudeauMustGo,1
twitter/JagmeetSingh NDP JustinTrudeau TrudeauMustGo AndrewScheer,twitter/elxn43 macleansdebate,1
twitter/JagmeetSingh NDP extinction,twitter/cdnpoli SNCLavalin,1
twitter/JustinTrudeau Brownface elxn43,twitter/cdnpoli TrudeauMustGo TrudeauBlackface,1
twitter/JustinTrudeau TrudeauMustGo LPC cdnpoli,Reddit/canadapolitics,1
twitter/JustinTrudeau brownface cdnpoli,twitter/cdnpoli TrudeauWorstPM canada maga,1
twitter/JustinTrudeau cdnfp cdnpoli elxn43,twitter/Trudeau polcan,1
twitter/JustinTrudeau cdnpoli,twitter/elxn43 cdnpoli,1
twitter/JustinTrudeau elxn43 FaithGoldy,Reddit/metacanada,1
twitter/JustinTrudeau polcan,twitter/Harper MeToo elxn43 polcan,1
twitter/JustinTrudeaubrownface cdnpoli PPC2019 elx43,Reddit/metacanada,1
twitter/KanataCarleton elxn43,twitter/elxn43 ChooseForwardWithTrudeau,1
twitter/KokaneeGroper cdnpoli elxn43,twitter/JustinTrudeau TrudeauMustGo LPC cdnpoli,1
twitter/LPC cdnpoli elxn43,twitter/cdnpoli elxn43,1
twitter/LPC firstdebate,4chan/pol,1
twitter/Lavscam Trudeaumustgo canpoli,twitter/cdnpoli elxn43,1
twitter/LeadersDebate elxn43,4chan/pol,1
twitter/Leadersdebate cdnpoli elxn43,4chan/pol,1
twitter/Liars cdnpoli elxn43 DeceitfulAndy DeceptiveAndy DishonestAndy,twitter/elxn43 ChooseForward,1
twitter/LiberalHypocrisy TrudeauMustGo CanadaDeservesBetter cdnpoli elxn43,twitter/cdnpoli elxn43 TrudeauMustGo,1
twitter/LiberalismIsAMentalDisorder cdnpoli,twitter/thief cdnpoli,1
twitter/LilDougie elxn43 cdnpoli,twitter/elxn43 elxn19,1
twitter/MIA cdnpoli,Reddit/canadapoliticshumour,1
twitter/MakeMrBernierMyPM PeoplesPartyofCanada ChooseMaxime PPC2019 cdnpoli elxn43,twitter/MakeMrBernierMyPM PeoplesPartyofCanada elxn43,1
twitter/MaximeBernier cdnpoli,Reddit/canadapoliticshumour,1
twitter/MeToo FreePass Trudeau elxn43 polcan,twitter/KokaneeGroper cdnpoli elxn43,1
twitter/MissedThePoint OverHisHead ScheerWasSoPoor ScheerWasSoPoorThat cdnpoli elxn43 canpoli ChooseForward,4chan/pol,1
twitter/MondayMotivation elxn43 blackface,4chan/pol,1
twitter/NDP cdnpoli elxn43,Reddit/onguardforthee,1
twitter/NationalBlackDogDay cdnpoli Trudeau,4chan/pol,1
twitter/NeverJagmeet NoNDP elxn43 freeshit,Reddit/metacanada,1
twitter/NeverMax MaxWho PPC CanadaDebates2019 elx43 canpoli leadersdebate2019,Reddit/metacanada,1
twitter/NeverScheer FordIsFailing DougFraud NeverTrustAConservative cdnpoli onpoli elxn43,twitter/vigilantejustice dougford ontario yass cdnpoli,1
twitter/NeverScheer elxn43,Reddit/canadapoliticshumour,1
twitter/NewEmoji cdnpoli,twitter/Trudeau elxn43,1
twitter/ONpoli elxn43 cdnpoli,4chan/pol,1
twitter/Ontario Quebec Canada cndpoli,twitter/equalization elxn43 TrudeauMustGo wexit,1
twitter/PLC PolQc PolCan elxn43,4chan/pol,1
twitter/POLS3200 cdnpoli,4chan/pol,1
twitter/PPC MaximeBernier cdnpoli elxn43,4chan/pol,1
twitter/PPC cdnpoli,4chan/pol,1
twitter/PPC polcan elxn43 cdnpoli,4chan/pol,1
twitter/PPC2019 cdnpoli,Reddit/canadaleft,1
twitter/ParodyCabinet cdnpoli,twitter/cdnpoli elxn43,1
twitter/PeoplesParty PPC2019 elxn43,Reddit/metacanada,1
twitter/PeoplesParty cdnpoli,4chan/pol,1
twitter/PolQc PolCan PPC elxn43,Facebook/Qu√©bec FIER,1
twitter/RickAstley Canada cdnpoli cdnelxn2019 Elexn43,twitter/RickAstley Canada cdnpoli cdnelxn2019 Elxn43,1
twitter/RickAstley Canada cdnpoli cdnelxn2019 Elxn43,twitter/cdnpoli elxn43 trudeaumustgo,1
twitter/RuhRo Scheer Harper Trudeau CPC canpoli onpoli,Reddit/onguardforthee,1
twitter/RuinHalloweenIn4Words cdnpoli elxn43,Reddit/canada,1
twitter/SaturdayMotivation cndpoli elxn43 Election2019,twitter/cdnpoli elxn43,1
twitter/Scheer ItsOurVote ElectionsCanada elxn43 CanadianElection,twitter/ScheerDisaster elxn43 cdnpoli,1
twitter/Scheer4PM CPCMajority CPC elx43,4chan/pol,1
twitter/Scheer4PM LiberalsMustGo CDNvote2019 elxn43,Reddit/onguardforthee,1
twitter/Scheer4PM cdnelxn2019 cdnpoli,twitter/cdnpoli nofreelunch,1
twitter/ScheerAmerican YankeeDoodleAndy ScheersAmericanOperatives NoPlatformNoVote cdnpoli elxn43,twitter/StopScheer cdnpoli elxn43,1
twitter/ScheerDesperation cdnpoli,4chan/pol,1
twitter/ScheerDisaster ChooseForward elxn43,4chan/pol,1
twitter/ScheerDisaster cdnpoli elxn43,4chan/pol,1
twitter/ScheerDisaster cdnpoli elxn43 ThanksgivingWeekend thanksgiving2019,twitter/thanksgiving2019 cdnpoli cdnelxn2019 elxn43 vote ScheerDisaster,1
twitter/ScheerDisaster elxn43 cdnpoli,twitter/stcath ourhomestc cdnpoli elxn43 StCatharines Niagara NoConBullshit,1
twitter/ScheerDisaster onpoli cdnpoli elx43 ScheerCuts,Reddit/onguardforthee,1
twitter/ScheerHypocrisy LearnFromOntariosMistake DoNotVoteCon elxn43 cdnpoli,twitter/ConservativesHurtKids cdnpoli elxn43,1
twitter/ScheerHypocrisy cdnpoli elxn43 VOTE,twitter/ElectionsCanada elxn43,1
twitter/ScheerLies ScheerHatred cdnpoli elxn43,twitter/elxn43 cdnpoli,1
twitter/ScheerLies cdnpoli,twitter/AndrewScheer cdnpoli,1
twitter/ScheerLies elxn43 cdnpoli,twitter/cdnpoli Elexn43,1
twitter/ScheerNonsense ScheerDisaster KinsellaGate elxn43,Facebook/OccupyCanada,1
twitter/ScheerNotAsAdvertised ScheerDisaster cdnpoli elxn43 ChooseForward,twitter/StopScheer CalledTheConsForAReason elxn43,1
twitter/ScheerNotAsAdvertised ScheeringTheResume ScheerLies cdnpoli,twitter/neverconservative cdnpoli,1
twitter/ScheerNotAsAdvertised elxn43 cdnpoli,twitter/StopScheer elxn43,1
twitter/ScheerRacism Quebec ChooseForward elxn43,4chan/pol,1
twitter/ScheerStupidity NeverScheer cdnpoli CanadaDeservesBetter,twitter/cdnpoli elxn43,1
twitter/ScheerWasSoPoorThat Satire CluckCluck cdnpoli elxn43,4chan/pol,1
twitter/ScheeringTheResume AndysResume cdnpoli elxn43,4chan/pol,1
twitter/ScheeringTheResume AndysResume cdnpoli elxn43 ScheerNotAsAdvertised,4chan/pol,1
twitter/ScheeringTheResume ScheerNotAsAdvertised cdnpoli CPC,twitter/canpoli cdnpoli StandonGuard,1
twitter/ScheeringTheResume ScheerNotAsAdvertised scheerhomophobia elxn43 cdnpoli,twitter/cdnpoli Scheer climatestrike prideparade,1
twitter/ScheerlessTuesday cdnpoli,twitter/elxn43 cdnpoli canada ScheerLoser,1
twitter/ScheerlessTuesday cdnpoli elxn43,4chan/pol,1
twitter/SinghUpswing cndpoli elxn43,Facebook/Leftist Memes for New Democrat Teens,1
twitter/Sinterklaas TrudeauMustGo cdnpoli,twitter/MondayMotivation elxn43 blackface,1
twitter/StopScheer AmericAndy YankeeDoodleAndy elxn43,Reddit/canadapoliticshumour,1
twitter/StopScheer CalledTheConsForAReason elxn43,4chan/pol,1
twitter/StopScheer CalledTheConsForAReason elxn43,twitter/ScheerHypocrisy LearnFromOntariosMistake DoNotVoteCon elxn43 cdnpoli,1
twitter/StopScheer NeverScheer cdnpoli,twitter/ScheerStupidity NeverScheer cdnpoli CanadaDeservesBetter,1
twitter/StopScheer cdnpoli elxn43,twitter/AndrewScheer cdnpoli elxn43,1
twitter/StopScheer cdnpoli elxn43,twitter/cdnpoli canpoli StandonGuard,1
twitter/StopScheer elxn43,Reddit/onguardforthee,1
twitter/SunnyWays2019Rendition BecauseIts2019 elxn43 AllLiberalsMustGo,Reddit/metacanada,1
twitter/TeamTrudeau LPC,twitter/cdnpoli elxn2019 elxn43,1
twitter/TorontoSun Trudeaublackface elxn43 cdnpoli Torsun,Reddit/metacanada,1
twitter/TriggerChange cdnpoli elxn43 CPC19 CPC cpc2019 TrudeauMustGo,twitter/chooseforward SNCaladdin elxn43,1
twitter/TrudeaMustGo cdnpoli,4chan/pol,1
twitter/Trudeau Blackface cdnpoli,twitter/Trudeau BlackfaceTrudeau elxn43 polcan cdnpoli,1
twitter/Trudeau Blackface cdnpoli elxn43,4chan/pol,1
twitter/Trudeau BlackfaceTrudeau elxn43 polcan cdnpoli,Reddit/canadapolitics,1
twitter/Trudeau JustinTrudeau BlackFace cdnpoli elxn43,Reddit/metacanada,1
twitter/Trudeau Obama Cdnpoli,twitter/Trudeau TrudeauBlackface cdnpoli elxn2019,1
twitter/Trudeau Obama elxn43,twitter/polcan elxn43,1
twitter/Trudeau TrudeauBlackface cdnpoli elxn2019,twitter/Trudeau cdnpoli elxn43,1
twitter/Trudeau blackface Elexn43 Election2019 cdnpoli,4chan/pol,1
twitter/Trudeau brownface cdnpoli CanadaVotes,4chan/pol,1
twitter/Trudeau cdnpoli elxn43,Reddit/canada,1
twitter/Trudeau elxn43,twitter/BrownFaceTrudeau Elexn43 cdnpoli,1
twitter/Trudeau elxn43,twitter/elxn43 TrudeauMustGo,1
twitter/Trudeau elxn43 elxn2019,twitter/yeg cdnpoli elxn43,1
twitter/Trudeau elxn43 polcan,twitter/Canada Cdnpoli Election2019 October21,1
twitter/Trudeau polcan,twitter/cdnpoli Elexn43,1
twitter/TrudeauBlackface TrudeauMustGo cdnpoli elxn43,Facebook/Qu√©bec FIER,1
twitter/TrudeauBlackface TrudeauPrivilege Trudeau TrudeauMustResign TrudeauMustGo cndpoli,Reddit/metacanada,2
twitter/TrudeauBlackface cdnpoli,twitter/cdnpoli elxn43 TrudeauMustGo,1
twitter/TrudeauBlackface cdnpoli elxn43,Reddit/metacanada,1
twitter/TrudeauBlackface elxn43 cdnpoli,twitter/TrudeauMustGo TrudeauBlackface cdnpoli canada news,1
twitter/TrudeauCorruption TrudeauMustGo cdnpoli elxn43,twitter/TrudeauMustGo TrudeauCorruption Lieberals cdnpoli elxn43,1
twitter/TrudeauCorruption cndpoli ottawa,4chan/pol,1
twitter/TrudeauGrope TrudeauIsARacist cdnpoli,twitter/elxn43 cdnpoli,1
twitter/TrudeauIsARacist cdnpoli TrudeauMustGo TrudeauMustResign TrudeauDemission,Reddit/metacanada,1
twitter/TrudeauMustGo CanadaDeservesBetter cdnpoli elxn43,Reddit/metacanada,1
twitter/TrudeauMustGo FAIL piefucker canpoli,twitter/TrudeauMustGo LiberalsMustGo cdnpoli elxn43,1
twitter/TrudeauMustGo JagmeetSinghMustGo MayIsCrazy Scheer4PM cdnpoli elxn43,twitter/CrookedCoalition elxn43 TrudeaulessTuesday,1
twitter/TrudeauMustGo LiberalsMustGo cdnpoli elxn43,Reddit/metacanada,1
twitter/TrudeauMustGo Papineau cdnpoli,twitter/elxn43 ElectionDay ElectionsCanada,1
twitter/TrudeauMustGo SaveCanada cdnpoli elxn43,twitter/elxn43 trudeaumustgo BrownFaceTrudeau blackface,1
twitter/TrudeauMustGo SaveCanada elxn43,Facebook/Canada Proud,2
twitter/TrudeauMustGo StopTheCoalition elxn43,twitter/elxn43 cdnpoli onpoli abpoli,1
twitter/TrudeauMustGo TrudeauBlackface cdnpoli canada news,twitter/cdnpoli TrudeauBlackface,1
twitter/TrudeauMustGo TrudeauBlackface cdnpoli elxn43,4chan/pol,1
twitter/TrudeauMustGo TrudeauBlackface elxn43 cdnpoli,twitter/cdnpoli elxn43,1
twitter/TrudeauMustGo TrudeauCorruption Lieberals CanadaDeservesBetter cdnpoli elxn43,twitter/Trudeau elxn43,1
twitter/TrudeauMustGo TrudeauCorruption Lieberals cdnpoli elxn43,twitter/TrudeauMustGo cdnpoli,1
twitter/TrudeauMustGo TrudeauCorruption cdnpoli elxn43,Facebook/Justin Trudeau Not,1
twitter/TrudeauMustGo TrudeauMustGo canpoli onpoli,twitter/SunnyWays2019Rendition BecauseIts2019 elxn43 AllLiberalsMustGo,1
twitter/TrudeauMustGo cdnpoli,Facebook/Justin Trudno,1
twitter/TrudeauMustGo cdnpoli,twitter/TrudeauMustGo Papineau cdnpoli,1
twitter/TrudeauMustGo cdnpoli,twitter/cdnpoli Trudeau,1
twitter/TrudeauMustGo cdnpoli elxn43,twitter/FakeFeminist TrudeauMustGo cdnpoli elxn43,1
twitter/TrudeauMustGo cdnpoli elxn43,twitter/elxn43 BlackfaceTrudeau,1
twitter/TrudeauMustGo cdnpoli elxn43,twitter/elxn43 TrudeauMustGo,1
twitter/TrudeauMustGo cdnpoli elxn43 CanadaVotes CanadianThanksgiving,Facebook/Qu√©bec FIER,1
twitter/TrudeauMustGo elxn43,Reddit/metacanada,1
twitter/TrudeauMustGo inappropriate Groper FakeFeminist disgrace elxn43,Reddit/metacanada,1
twitter/TrudeauMustGo twatwaffle cdnpoli elxn43,twitter/TrudeauMustGo TrudeauBlackface cdnpoli elxn43,1
twitter/TrudeauMustResign LiberalHypocrisy cndpoli,4chan/pol,1
twitter/TrudeauTheHyprocrite elxn43 cdnpoli,twitter/TrudeauTheHyprocrite cdnpoli elxn43,1
twitter/TrudeaulessTuesday elxn43 CDNvote2019,twitter/TrudeaulessTuesday elxn43 cdnpoli,1
twitter/TrudeaulessTuesday elxn43 cdnpoli,twitter/TrudeaulessTuesday elxn43 cdnpoli ChooseForward TrudeauMustGo CanadaDeservesBetter,1
twitter/TrudeaulessTuesday elxn43 cdnpoli ChooseForward TrudeauMustGo CanadaDeservesBetter,twitter/elxn2019 cdnpoli CanadaElection2019,1
twitter/Trump BlackFace elxn43,twitter/TrudeauMustGo TrudeauBlackface elxn43 cdnpoli,1
twitter/TwoPlaneTrudeau hypocrite cdnpoli elxn43,4chan/pol,1
twitter/TwoPlanesTrudeau JustinTwoPlanes TrudeauMustGo TrudeauTheHypocrite canpoli elxn43 polcan,twitter/cdnpoli TrudeauMustGo TrudeauMustGo TrudeauWorstPM TrudeauCorruption TrudeauCorruption,1
twitter/UN ONU ygreck elxn43,4chan/pol,1
twitter/WEXITALBERTA wexit canpoli elxn43,4chan/pol,1
twitter/WeakAndy cdnpoli elxn43,Facebook/Leftist Memes for New Democrat Teens,1
twitter/WednesdayWisdom cndpoli TrudeauMustGo elxn43 elx43 Trudeau brownface blackface,twitter/elxn cdnpoli,1
twitter/WednesdayWisdom cndpoli elx43 elxn43 TrudeauMustGo Trudeau brownface,twitter/wednesdaythoughts StopTheBias TrudeauMustGo elxn43 elx43 brownface,1
twitter/Wexit WWG1WGA cdnpoli elxn,Facebook/Justin Trudeau Not,1
twitter/WheresSophie elxn43 TrudeauMustGo,twitter/canpoli TrudeauMustGo,1
twitter/Whitby elxn43,Reddit/canada,1
twitter/WhyIVotedPeoplesParty elxn43 polcan canpoli PeoplesPartyofCanada,Reddit/metacanada,1
twitter/WhyScheerLost cdnpoli,twitter/HamishMarshall elxn43 cdnpoli,1
twitter/WhyScheerLost cdnpoli,twitter/YANKEEdoodleAndy elxn43,1
twitter/YANKEEdoodleAndy elxn43,Reddit/canadapoliticshumour,1
twitter/YANKEEdoodleAndy elxn43,twitter/StopScheer AmericAndy YankeeDoodleAndy elxn43,1
twitter/YQR skpoli cdnpoli,twitter/elxn43 cdnpoli,1
twitter/YankeeDoodleAndy cdnpoli elxn43,twitter/canpoli cdnpoli StandonGuard,1
twitter/YellowVests yellowvestscantwrite cnd2019 cndpoli,Reddit/onguardforthee,1
twitter/YorkU UofT Ryerson cdnpoli onpoli TOpoli ottnews MAGA KAG,Reddit/metacanada,1
twitter/ableg abpoli cdnpoli elxn43,4chan/pol,1
twitter/ableg elxn43 VoteLiberal,4chan/pol,1
twitter/abpoli ableg cdnpoli,Facebook/Leftist Memes for New Democrat Teens,1
twitter/abpoli cdnpoli Alberta,Reddit/canadapoliticshumour,1
twitter/andrewscheer CPC elxn43 cdnpoli,Reddit/canadapoliticshumour,1
twitter/anybodybutscheer elx43 LiberalParty cdnpoli,twitter/cndpoli elxn43 AndrewTrump,1
twitter/blackface BlackfaceTrudeau BrownFaceTrudeau brownface TrudeauMustGo Trudeau elxn43,twitter/cdnpoli BrownFaceTrudeau TrudeauMustGo,1
twitter/blackface BrownFaceTrudeau cdnpoli elxn43,Reddit/metacanada,1
twitter/blackface BrownFaceTrudeau polcan Election2019 Elections2019,twitter/Harper TrudeauBlackface elxn43 polcan,1
twitter/blackface brownface cdnpoli elxn43,Reddit/metacanada,1
twitter/blackface cdnpoli,4chan/pol,1
twitter/blackface cdnpoli,twitter/blackface brownface cdnpoli elxn43,1
twitter/blackface cdnpoli elxn43 TrudeauBlackface TrudeauMustGo,twitter/cdnpoli onpoli abpoli elxn43 MakeCanadaGreatAgain TrudeauMustGo TrudeauWorstPM Brownface,1
twitter/blackface cdnpoli elxn43 elxn2019 onpoli TOpoli ChooseForward,twitter/cdnpoli elxn43 elxn2019 onpoli TOpoli ChooseForward JustinTrudeau brownface Trudeau,1
twitter/blackface elxn43,twitter/polqc polcan cdnpoli GretaThunberg,1
twitter/brownface cdnpoli JustinTrudeau,Reddit/metacanada,1
twitter/canadadebates2019 elxn43,Reddit/metacanada,1
twitter/canadavotes cdnpoli vote,twitter/cdnpoli CDNvote2019 cdnelxn2019 CanadaElection2019 canadavotes2019,1
twitter/canadavotes2019 elxn43 CanadaElection2019 ItsOurVote,Facebook/Leftist Memes for New Democrat Teens,1
twitter/canpoli ClimateAction elxn43,Reddit/canadapoliticshumour,1
twitter/canpoli TrudeauMustGo,Facebook/Justin Trudeau Not,2
twitter/canpoli TrudeauMustGo SNCLavalin,twitter/elxn43 canpoli,1
twitter/canpoli TrudeauMustgo,Facebook/Justin Trudeau Not,1
twitter/canpoli TrudeaumustGo,Facebook/Justin Trudeau Not,1
twitter/canpoli blackface BrownFaceTrudeau RacistTrudeau LiberalParty,twitter/cdnpoli TrudeauBlackface,1
twitter/canpoli cdnpoli StandonGuard,twitter/cdnpoli canpoli elxn43 ChooseForward,1
twitter/canpoli election2019 CanadaVotes canadavotes2019 ElectionsCanada Thanksgiving canada vote,twitter/ScheerDisaster cdnpoli elxn43 ThanksgivingWeekend thanksgiving2019,1
twitter/canpoli justintrudeau topoli,twitter/cdnpoli elxn2019 Elexn43,1
twitter/canpoli trudeaumustgo,Reddit/metacanada,1
twitter/cdnpoli ABpoli,4chan/pol,1
twitter/cdnpoli AbLeg abpoli,Facebook/Leftist Memes for New Democrat Teens,1
twitter/cdnpoli BlackfaceTrudeau,Reddit/metacanada,1
twitter/cdnpoli BlackfaceTrudeau TrudeauMustResign,Reddit/metacanada,1
twitter/cdnpoli BrownFaceTrudeau TrudeauMustGo,twitter/cdnpoli TrudeauBlackface TrudeauMustGo,1
twitter/cdnpoli CDNvote2019,Reddit/onguardforthee,1
twitter/cdnpoli CDNvote2019,twitter/Cdnpoli elxn43,1
twitter/cdnpoli CDNvote2019 cdnelxn2019 CanadaElection2019 canadavotes2019,twitter/vote cdnpoli canadaelection2019 equal diversity election vote indigenous vote yyc vote,1
twitter/cdnpoli CPC,4chan/pol,1
twitter/cdnpoli CPCdebt,Reddit/canadapolitics,1
twitter/cdnpoli CanadaDebates2019,Reddit/onguardforthee,1
twitter/cdnpoli CanadaDebates2019 elxn2019 elx43,twitter/ChooseForwardWithTrudeau ScheerCuts BeachcombersBeWare Cdnpoli,1
twitter/cdnpoli Captaincrayon,Reddit/metacanada,1
twitter/cdnpoli ClimateStrike,twitter/cdnpoli elxn43,1
twitter/cdnpoli Election2019,Reddit/canadapoliticshumour,1
twitter/cdnpoli Election2019,twitter/Canada elxn43,1
twitter/cdnpoli Election2019,twitter/TrudeauBlackface cdnpoli,1
twitter/cdnpoli Election2019,twitter/cdnpoli elxn43 editorialcartoon,1
twitter/cdnpoli ElectionsCanada,twitter/Lavscam Trudeaumustgo canpoli,1
twitter/cdnpoli Elexn43,Reddit/metacanada,1
twitter/cdnpoli Elexn43,twitter/ScheerNotAsAdvertised ScheeringTheResume ScheerLies cdnpoli,1
twitter/cdnpoli Elexn43,twitter/cdnpoli ellxn43,1
twitter/cdnpoli Elexn43,twitter/cdnpoli elxn43,1
twitter/cdnpoli Elexn43 ElectionsCanada DecisonCanada,twitter/firstdebate cdnpoli elxn19,1
twitter/cdnpoli Elexn43 Toronto,Reddit/metacanada,1
twitter/cdnpoli Elexn43 cdnmedia,Reddit/metacanada,1
twitter/cdnpoli GOTV elxn43,Facebook/Team Scheer,1
twitter/cdnpoli ItsOurVote elxn43,Facebook/OccupyCanada,1
twitter/cdnpoli JustinTrudeau,twitter/CDNvote2019 Cdnpoli,1
twitter/cdnpoli JustinTrudeau ElizabethMay JagmeetSingh,Reddit/onguardforthee,1
twitter/cdnpoli JustinTrudeaubrownface,twitter/cndpoli poli racism Trudeau,1
twitter/cdnpoli LGBTQ,Facebook/National Meme Board of Canada,1
twitter/cdnpoli LavScam elxn43,twitter/cdnpoli elxn43 imposter,1
twitter/cdnpoli NDP,Facebook/Leftist Memes for New Democrat Teens,1
twitter/cdnpoli NDP,Reddit/metacanada,1
twitter/cdnpoli NoCPC,twitter/cdnpoli elxn43 ScheerNonsense votetrudeau,1
twitter/cdnpoli NotAsAdvertised,twitter/ElectionDay ChooseForward cdnpoli canadavotes2019,1
twitter/cdnpoli PPC2019,Reddit/onguardforthee,1
twitter/cdnpoli PRAVDA,Reddit/metacanada,1
twitter/cdnpoli PrimeMinister,4chan/pol,1
twitter/cdnpoli SNCLavalin,4chan/pol,1
twitter/cdnpoli SNCLavalin,twitter/elxn43 canpoli,1
twitter/cdnpoli Scheer climatestrike prideparade,twitter/onpoli cdnpoli canada elxn43,1
twitter/cdnpoli ScheerAmerican,twitter/TeamTrudeau LPC,1
twitter/cdnpoli ScheerAmerican ScheerDisaster,twitter/AndrewScheer ScheerAmerican VoteNoCPC cdnpoli elxn43,1
twitter/cdnpoli ScheerDisaster canadavotes2019,twitter/canadavotes cdnpoli vote,1
twitter/cdnpoli ScheerFraud anythingbutconservative,twitter/ScheerLies elxn43 cdnpoli,1
twitter/cdnpoli ScheerPuppet Elxn43,Facebook/National Meme Board of Canada,1
twitter/cdnpoli Toronto,Reddit/metacanada,1
twitter/cdnpoli TrudeaMustGo Election2019 CarbonTax ClimateEmergency JWR LavScam,twitter/Canada Liberal Traitor Trudeau LPC official,1
twitter/cdnpoli Trudeau,twitter/BlackFace BrownFace elxn43 CDNpoli,1
twitter/cdnpoli Trudeau,twitter/ConservativeHypocrites elxn43,1
twitter/cdnpoli Trudeau blackface,4chan/pol,1
twitter/cdnpoli TrudeauBlackface,Reddit/metacanada,1
twitter/cdnpoli TrudeauBlackface,twitter/elxn43 elxn2019 TrudeaulessTuesday cdnpoli,1
twitter/cdnpoli TrudeauBlackface TrudeauMustGo,Reddit/onguardforthee,1
twitter/cdnpoli TrudeauBlackface TrudeauMustGo,twitter/canpoli blackface BrownFaceTrudeau RacistTrudeau LiberalParty,1
twitter/cdnpoli TrudeauMustGo,4chan/pol,1
twitter/cdnpoli TrudeauMustGo,twitter/elxn43 TrudeauMustGo,1
twitter/cdnpoli TrudeauMustGo BrownFaceTrudeau TrudeauBlackface,twitter/Cdnpoli TrudeauBlackface elxn43 22minutes CBC TrudeauMustGo,1
twitter/cdnpoli TrudeauMustGo Trudeau Liberal Conservatives Canada Canadian Liberals onpoli,Reddit/onguardforthee,1
twitter/cdnpoli TrudeauMustGo Trudeau Liberal Conservatives Canada Canadian Liberals onpoli,twitter/TrudeauMustGo TrudeauCorruption cdnpoli elxn43,1
twitter/cdnpoli TrudeauMustGo Trudeau Liberal Conservatives Canada Canadian Liberals onpoli FlushTheTurd,4chan/pol,1
twitter/cdnpoli TrudeauMustGo Trudeau Liberal Conservatives Canada Canadian Liberals onpoli FlushTheTurd,Reddit/metacanada,1
twitter/cdnpoli TrudeauMustGo TrudeauBlackface,Facebook/Justin Trudno,1
twitter/cdnpoli TrudeauMustGo TrudeauMustGo TrudeauWorstPM TrudeauCorruption TrudeauCorruption,twitter/canpoli Elexn43 Debatenight CanadaVotes TrudeauMustGo CanadaDeservesBetter,1
twitter/cdnpoli TrudeauMustResign TrudeauMustGo Trudeaubrownface,Reddit/canadapolitics,1
twitter/cdnpoli TrudeauTheHyprocrite TrudeauTwoPlanes elxn43,Facebook/Team Scheer,1
twitter/cdnpoli TrudeauWorstPM canada maga,twitter/JustinTrudeau cdnfp cdnpoli elxn43,1
twitter/cdnpoli Trudeaumustgo canadaisbroken elxn43,Reddit/metacanada,1
twitter/cdnpoli Vote,twitter/polcan canpoli,1
twitter/cdnpoli WEXITALBERTA,Reddit/canadapoliticshumour,1
twitter/cdnpoli WEXITALBERTA,twitter/rednexit wexit cdnpoli,1
twitter/cdnpoli abpoli WEXIT WEXITNOW,Facebook/Canada Proud,1
twitter/cdnpoli canadaelection2019 elxn43,4chan/pol,1
twitter/cdnpoli canadavotes2019 ElectionDay NFL,Reddit/ndp,1
twitter/cdnpoli canpoli,Facebook/NationalMemeBoardofCanada,1
twitter/cdnpoli canpoli,twitter/TrudeauCorruption TrudeauMustGo cdnpoli elxn43,1
twitter/cdnpoli canpoli StandonGuard,twitter/elxn43 ChooseForwardWithTrudeau,1
twitter/cdnpoli canpoli StandonGuard NotAsAdvertised,Facebook/National Meme Board of Canada,1
twitter/cdnpoli canpoli elxn43 ChooseForward,4chan/pol,1
twitter/cdnpoli canpoli elxn43 ChooseForward,twitter/KanataCarleton elxn43,1
twitter/cdnpoli canpoli elxn43 ChooseForward,twitter/cdnpoli Scheerlies,1
twitter/cdnpoli cdnmedia,Reddit/onguardforthee,1
twitter/cdnpoli cpc,4chan/pol,1
twitter/cdnpoli ellxn43,Reddit/metacanada,1
twitter/cdnpoli elx43,Reddit/canadaleft,2
twitter/cdnpoli elx43,Reddit/metacanada,1
twitter/cdnpoli elx43,twitter/cdnpoli Elexn43,1
twitter/cdnpoli elx43 ElectionsCanada,Reddit/onguardforthee,1
twitter/cdnpoli elx43 cdnelxn2019,Reddit/canadapoliticshumour,1
twitter/cdnpoli elx43 elxn2019 juliepayette,Reddit/canadapoliticshumour,1
twitter/cdnpoli elxn19,4chan/pol,1
twitter/cdnpoli elxn2019,twitter/cdnpoli LavScam elxn43,1
twitter/cdnpoli elxn2019 Elexn43,twitter/elxn43 cdnpoli itsourvote,1
twitter/cdnpoli elxn2019 canadavotes2019 elxn43,Facebook/Justin Trudeau Not,1
twitter/cdnpoli elxn2019 elxn43,twitter/YankeeDoodleAndy cdnpoli elxn43,1
twitter/cdnpoli elxn2019 elxn43 FirstDebate,twitter/cdnpoli elxn43,1
twitter/cdnpoli elxn2019 elxn43 NDP UpRiSingh,Facebook/Leftist Memes for New Democrat Teens,1
twitter/cdnpoli elxn43,4chan/pol,8
twitter/cdnpoli elxn43,Facebook/Canada Proud,1
twitter/cdnpoli elxn43,Facebook/Leftist Memes for New Democrat Teens,1
twitter/cdnpoli elxn43,Facebook/National Meme Board of Canada,1
twitter/cdnpoli elxn43,Facebook/Team Scheer,8
twitter/cdnpoli elxn43,Reddit/canadaleft,1
twitter/cdnpoli elxn43,Reddit/canadapolitics,1
twitter/cdnpoli elxn43,Reddit/canadapoliticshumour,3
twitter/cdnpoli elxn43,Reddit/metacanada,6
twitter/cdnpoli elxn43,twitter/Canada TrudeauCorruption TrudeauBlackface cdnpoli,1
twitter/cdnpoli elxn43,twitter/CanadaDebates2019 cdnpoli ForwardTogether,1
twitter/cdnpoli elxn43,twitter/ElectionsCanada elxn43,1
twitter/cdnpoli elxn43,twitter/ScheerNotAsAdvertised ScheerDisaster cdnpoli elxn43 ChooseForward,1
twitter/cdnpoli elxn43,twitter/ScheeringTheResume ScheerLies ScheerHypocrisy ChooseForward elxn43,1
twitter/cdnpoli elxn43,twitter/WhyScheerLost cdnpoli,1
twitter/cdnpoli elxn43,twitter/ableg elxn43 VoteLiberal,1
twitter/cdnpoli elxn43,twitter/andrewscheer CPC elxn43 cdnpoli,1
twitter/cdnpoli elxn43,twitter/blackface elxn43,1
twitter/cdnpoli elxn43,twitter/cdnpoli Election2019,1
twitter/cdnpoli elxn43,twitter/cdnpoli JustinTrudeau,1
twitter/cdnpoli elxn43,twitter/cdnpoli elxn43 itsourvote NeverScheer ChooseForward LPC ScheerDisaster,1
twitter/cdnpoli elxn43,twitter/cdnpoli elxn43 yeg Vancouver Victoria Montreal Halifax Edmonton Winnipeg,1
twitter/cdnpoli elxn43,twitter/elxn43 MacLeansDebate Trudeau,1
twitter/cdnpoli elxn43,twitter/elxn43 Trudeau Trugrope,1
twitter/cdnpoli elxn43,twitter/elxn43 cdnpoli,3
twitter/cdnpoli elxn43,twitter/elxn43 cdnpoli CDNvote2019,1
twitter/cdnpoli elxn43,twitter/elxn43 cdnpoli ScheerDisaster,1
twitter/cdnpoli elxn43,twitter/elxn43 cdnpoli canpoli onpoli,1
twitter/cdnpoli elxn43,twitter/elxn43 polcan cdnpoli,1
twitter/cdnpoli elxn43,twitter/leadersdebate2019 elxn43,1
twitter/cdnpoli elxn43 AmericAndy,Facebook/National Meme Board of Canada,1
twitter/cdnpoli elxn43 BreakingNews,twitter/blackface cdnpoli,1
twitter/cdnpoli elxn43 BrownFaceTrudeau,Reddit/canadapolitics,1
twitter/cdnpoli elxn43 Canada Trudeau LavScam,4chan/pol,1
twitter/cdnpoli elxn43 CanadaDebates2019,twitter/cdnpoli CanadaDebates2019,1
twitter/cdnpoli elxn43 CanadaElection2019 CanadaVotes2019,Facebook/LeftistMemesforNewDemocratTeens,1
twitter/cdnpoli elxn43 ChooseForward ChooseForwardWithoutTrudeau,Reddit/metacanada,1
twitter/cdnpoli elxn43 HighCarbonHypocrite,Reddit/metacanada,1
twitter/cdnpoli elxn43 ItsOurVote,4chan/pol,1
twitter/cdnpoli elxn43 ItsOurVote,twitter/Cdnpoli Canada Elections2019,1
twitter/cdnpoli elxn43 ItsOurVote,twitter/elxn43 cdnpoli Vote NeverScheer,1
twitter/cdnpoli elxn43 KinsellaGate,twitter/ClimateStrikeCanada cdnpoli,1
twitter/cdnpoli elxn43 NeverScheer,twitter/elxn43 canadavotes2019 CanadaDeservesBetter NeverScheer,1
twitter/cdnpoli elxn43 October3rd,Facebook/Team Scheer,1
twitter/cdnpoli elxn43 ScheerNonsense VoteTrudeau,twitter/cdnpoli CPCdebt,1
twitter/cdnpoli elxn43 ScheerNonsense votetrudeau,twitter/cdnpoli elxn43 ScheerNonsense VoteTrudeau,1
twitter/cdnpoli elxn43 SinghUpswing,Facebook/Leftist Memes for New Democrat Teens,1
twitter/cdnpoli elxn43 TrudeauBlackface Trudeaubrownface,twitter/ywg cdnpoli TrudeauBlackface,1
twitter/cdnpoli elxn43 TrudeauMustGo,4chan/pol,1
twitter/cdnpoli elxn43 TrudeauMustGo,Facebook/Team Scheer,5
twitter/cdnpoli elxn43 TrudeauMustGo,twitter/TrudeauMustGo cdnpoli,1
twitter/cdnpoli elxn43 TrudeauMustGo,twitter/cdnpoli TrudeauMustGo,1
twitter/cdnpoli elxn43 TrudeauMustGo Elecciones2019 abpoli LiberalsMustGo,Reddit/metacanada,1
twitter/cdnpoli elxn43 TrudeauMustGo GOTV,Facebook/Team Scheer,1
twitter/cdnpoli elxn43 UpRiSingh,Reddit/canadaleft,1
twitter/cdnpoli elxn43 Wednesday WednesdayWisdom,twitter/elxn43 CanadaVotes,1
twitter/cdnpoli elxn43 canpoli onpoli FordisFailing FraudNation,Reddit/canadapoliticshumour,1
twitter/cdnpoli elxn43 editorialcartoon,Reddit/canadapoliticshumour,1
twitter/cdnpoli elxn43 elxn2019 onpoli TOpoli ChooseForward JustinTrudeau brownface Trudeau,4chan/pol,1
twitter/cdnpoli elxn43 gpc ndp,Reddit/canadapoliticshumour,1
twitter/cdnpoli elxn43 greenparty ClimateStrike climatechange climateemergency onpoli,twitter/CDNvote2019 cdnpoli cdnmedia,1
twitter/cdnpoli elxn43 imposter,Facebook/Canada Proud,1
twitter/cdnpoli elxn43 itsourvote NeverScheer ChooseForward LPC ScheerDisaster,twitter/Liars cdnpoli elxn43 DeceitfulAndy DeceptiveAndy DishonestAndy,1
twitter/cdnpoli elxn43 vote,twitter/YQR skpoli cdnpoli,1
twitter/cdnpoli elxn43 yeg Vancouver Victoria Montreal Halifax Edmonton Winnipeg,4chan/pol,1
twitter/cdnpoli nofreelunch,twitter/CPCMajority cdnpoli,1
twitter/cdnpoli onpoli,Facebook/Justin Trudeau Not,1
twitter/cdnpoli onpoli,Reddit/canadapoliticshumour,1
twitter/cdnpoli onpoli abpoli elxn43 MakeCanadaGreatAgain TrudeauMustGo TrudeauWorstPM Brownface,Reddit/metacanada,1
twitter/cdnpoli onpoli polqc ableg bcpoli,Reddit/metacanada,1
twitter/cdnpoli onpoli topoli,twitter/firstdebate elxn43,1
twitter/cdnpoli polcan polqc canada,4chan/pol,1
twitter/cdnpoli skpoli,4chan/pol,1
twitter/cdnpoli tcot polcan,Facebook/Old Stock Canadian,1
twitter/cdnpoli tcot polcan politicstoday,Facebook/Old Stock Canadian,1
twitter/cdnpoli tcot polcan politicstoday Truexit,Facebook/Old Stock Canadian,2
twitter/cdnpoli tcot polcan politicstoday cbc defundcbc dismantlecbc privatizecbc,Facebook/Old Stock Canadian,1
twitter/cdnpoli wexit,4chan/pol,1
twitter/cdnpoli yow onpoli qcpoli topoli,Reddit/canadaleft,1
twitter/cdnpoli yvr,twitter/cdnpoli Toronto,1
twitter/chooseforward SNCaladdin elxn43,4chan/pol,1
twitter/climateDingBat hypocrite LavScam cdnpoli,twitter/cdnpoli elxn2019,1
twitter/climatechange cdnpoli,Reddit/metacanada,1
twitter/climatestrikeTO cdnpoli elxn43,Facebook/Team Scheer,1
twitter/cndpoli bcpoli elxn43,twitter/elxn43 cdnpoli,1
twitter/cndpoli elxn43,twitter/cdnpoli elxn43 ItsOurVote,1
twitter/cndpoli elxn43 AndrewTrump,twitter/cdnpoli ScheerAmerican ScheerDisaster,1
twitter/cndpoli elxn43 LiberalCorruption TrudeauCorruption VoteThemAllOut,twitter/elxn43 ElectionDay ElectionsCanada Election2019,1
twitter/cndpoli poli racism Trudeau,4chan/pol,1
twitter/cndpoli retweet,twitter/voteNDP cdnpoli elxn43,1
twitter/debatdeschefs2019 debatdeschefs elxn43,4chan/pol,1
twitter/elex43 cdnpoli,twitter/Election2019 DebateNight macleans canpoli,1
twitter/elx43 canpoli abpoli,Reddit/canada,1
twitter/elx43 cdnpoli,Reddit/canadapoliticshumour,1
twitter/elxn cdnpoli,Reddit/canadaleft,1
twitter/elxn19 cdnpoli caib,twitter/elxn43 cdnpoli ScheeringTheResume,1
twitter/elxn2019 cdnpoli CanadaElection2019,Reddit/metacanada,1
twitter/elxn2019 cdnpoli TrudeauMustGo TrudeauBlackface,twitter/Canadians elxn43,1
twitter/elxn2019 elxn43 cdnpoli TrudeauMustGo ChooseForward,twitter/TrudeaulessTuesday elxn43 CDNvote2019,1
twitter/elxn2019 elxn43 cdnpoli polqc polcan,twitter/canadavotes2019 elxn43 CanadaElection2019 ItsOurVote,1
twitter/elxn42 cdnpoli,Reddit/onguardforthee,1
twitter/elxn43 BlackfaceTrudeau,Reddit/metacanada,1
twitter/elxn43 CDNPOLI,Reddit/canada,1
twitter/elxn43 CDNvote2019,Reddit/canadapoliticshumour,1
twitter/elxn43 CDNvote2019,twitter/cdnpoli elxn43,1
twitter/elxn43 CDNvote2019 cdnpoli Scheer4PM,4chan/pol,1
twitter/elxn43 CDNvote2019 cndpoli cdnpoli,Reddit/canadaleft,1
twitter/elxn43 CPC TrudeauStillMustGo NDPBTFO,4chan/pol,1
twitter/elxn43 CanadaElection2019 CanadianElection cdnpoli exln43 wexit albertastrong westerncanadaeternal,4chan/pol,1
twitter/elxn43 CanadaVotes,4chan/pol,1
twitter/elxn43 ChooseForward,twitter/cndpoli bcpoli elxn43,1
twitter/elxn43 ChooseForwardWithTrudeau,Reddit/onguardforthee,1
twitter/elxn43 ChooseForwardWithTrudeau,twitter/ScheerNotAsAdvertised elxn43 cdnpoli,1
twitter/elxn43 ChooseForwardWithTrudeau,twitter/YankeeDoodleAndy DonaldTrump CluckCluck cdnpoli elxn43 ChooseForward,1
twitter/elxn43 Election2019,4chan/pol,1
twitter/elxn43 ElectionDay ElectionsCanada,twitter/TrudeauMustGo TrudeauCorruption Lieberals CanadaDeservesBetter cdnpoli elxn43,1
twitter/elxn43 ElectionDay ElectionsCanada Election2019,twitter/AndysResume ScheeringTheResume elxn43 cdnpoli polcan,1
twitter/elxn43 ElectionsCanada,twitter/ColdWorldNoBlanket cndpoli MorningAfter NoChill,1
twitter/elxn43 ElectionsCanada BlocQc,twitter/polcan Elections2019,1
twitter/elxn43 IndigPoli,twitter/InItForYou NewDealForPeople NDP JagmeetSingh firstdebate elxn19,1
twitter/elxn43 ItsOurVote,twitter/cdnpoli canpoli,1
twitter/elxn43 LPC,Reddit/metacanada,1
twitter/elxn43 MacLeansDebate Trudeau,twitter/LiarJohnson LiarTrudeau cdnpoli elxn43,1
twitter/elxn43 NDP,Reddit/ndp,2
twitter/elxn43 NDP NDP2019 CanadaElection2019,Facebook/Leftist Memes for New Democrat Teens,1
twitter/elxn43 NeverScheer ChooseForwardWithTrudeau SaveCanada,twitter/cdnpoli elxn43 NeverScheer,1
twitter/elxn43 PPC2019 PPC,4chan/pol,1
twitter/elxn43 Scheer4PM CDNvote2019,4chan/pol,1
twitter/elxn43 ScheerVictory,twitter/CanadaDebates2019 cdnpoli elxn43,1
twitter/elxn43 SheerHypocrisy SheerMadness,Facebook/North99,1
twitter/elxn43 TRUDEAU,twitter/elxn43 ItsOurVote,1
twitter/elxn43 Trudeau Trugrope,Reddit/metacanada,1
twitter/elxn43 TrudeauBlackface,Reddit/metacanada,1
twitter/elxn43 TrudeauMustGo,Facebook/Justin Trudeau Not,1
twitter/elxn43 TrudeauMustGo,Reddit/metacanada,1
twitter/elxn43 TrudeauMustGo,twitter/TrudeauMustGo FAIL piefucker canpoli,1
twitter/elxn43 TrudeauMustGo,twitter/cdnpoli elxn43,1
twitter/elxn43 TrudeauMustGo,twitter/progressive cdnpoli elxn43,1
twitter/elxn43 TrudeauMustGo CDNvote2019 cdnpoli,Facebook/Qu√©bec FIER,1
twitter/elxn43 TrudeauMustResign BlackfaceTrudeau,Reddit/metacanada,1
twitter/elxn43 brownface,twitter/racismisracism cdnpoli elxn43,1
twitter/elxn43 canadavotes2019 CanadaDeservesBetter,twitter/DougFraud CPC,1
twitter/elxn43 canadavotes2019 CanadaDeservesBetter NeverScheer,twitter/elxn43 cdnpoli,1
twitter/elxn43 canadavotes2019 CanadaElection2019 CanadaDeservesBetter,4chan/pol,1
twitter/elxn43 canadavotes2019 CanadaElection2019 canadavotes2019 CanadaDeservesBetter NDP canpoli cdnpoli,4chan/pol,1
twitter/elxn43 canadavotes2019 cdnpoli TrudeauMustGo elxn2019,Facebook/Canada Proud,1
twitter/elxn43 canadavotes2019 cdnpoli TrudeauMustGo elxn2019,Facebook/Justin Trudeau Not,1
twitter/elxn43 canpoli,4chan/pol,1
twitter/elxn43 canpoli,twitter/cdnpoli Trudeau blackface,1
twitter/elxn43 cdnelxn2019,twitter/cdnpoli elx43 cdnelxn2019,1
twitter/elxn43 cdnpoli,4chan/pol,9
twitter/elxn43 cdnpoli,Facebook/NationalMemeBoardofCanada,1
twitter/elxn43 cdnpoli,Facebook/OccupyCanada,1
twitter/elxn43 cdnpoli,Reddit/canadapoliticshumour,2
twitter/elxn43 cdnpoli,Reddit/metacanada,2
twitter/elxn43 cdnpoli,Reddit/onguardforthee,1
twitter/elxn43 cdnpoli,twitter/InItForYou elxn43 cdnpoli,1
twitter/elxn43 cdnpoli,twitter/ItsOurVote cdnpoli elxn43,1
twitter/elxn43 cdnpoli,twitter/NationalBlackDogDay cdnpoli Trudeau,1
twitter/elxn43 cdnpoli,twitter/Sinterklaas TrudeauMustGo cdnpoli,1
twitter/elxn43 cdnpoli,twitter/TrudeauMustGo TrudeauWorstPM CanadaElection2019 elxn43,1
twitter/elxn43 cdnpoli,twitter/TrudeauMustGo cdnpoli elxn43,1
twitter/elxn43 cdnpoli,twitter/WhyScheerLost cdnpoli,1
twitter/elxn43 cdnpoli,twitter/canpoli election2019 CanadaVotes canadavotes2019 ElectionsCanada Thanksgiving canada vote,1
twitter/elxn43 cdnpoli,twitter/canpoli justintrudeau topoli,1
twitter/elxn43 cdnpoli,twitter/cdnpoli CanadaDebates2019 elxn2019 elx43,1
twitter/elxn43 cdnpoli,twitter/cdnpoli ItsOurVote elxn43,1
twitter/elxn43 cdnpoli,twitter/cdnpoli elxn43,1
twitter/elxn43 cdnpoli,twitter/cdnpoli skpoli,1
twitter/elxn43 cdnpoli,twitter/debatdeschefs2019 debatdeschefs elxn43,1
twitter/elxn43 cdnpoli,twitter/elex43 cdnpoli,1
twitter/elxn43 cdnpoli,twitter/elx43 canpoli abpoli,1
twitter/elxn43 cdnpoli,twitter/elx43 cdnpoli,1
twitter/elxn43 cdnpoli,twitter/elxn43 CDNvote2019,1
twitter/elxn43 cdnpoli,twitter/elxn43 ChooseForwardWithTrudeau,1
twitter/elxn43 cdnpoli,twitter/elxn43 brownface,1
twitter/elxn43 cdnpoli,twitter/elxn43 cdnpoli ImWithJagmeet,1
twitter/elxn43 cdnpoli CDNvote2019,4chan/pol,1
twitter/elxn43 cdnpoli CancelCultureCancelled,4chan/pol,1
twitter/elxn43 cdnpoli ChooseForward,4chan/pol,1
twitter/elxn43 cdnpoli ChooseForwardWithTrudeau,twitter/ScheerNonsense ScheerDisaster KinsellaGate elxn43,1
twitter/elxn43 cdnpoli FordIsFailing DrinkUpSuckers onpoli,4chan/pol,1
twitter/elxn43 cdnpoli ImWithJagmeet,twitter/elxn43 cdnpoli canpoli,1
twitter/elxn43 cdnpoli InItForYou,Facebook/OccupyCanada,1
twitter/elxn43 cdnpoli ScheerDesperation,twitter/weakandy scaredandy scheerlies cdnpoli elxn43,1
twitter/elxn43 cdnpoli ScheerDisaster,twitter/elxn43 nspoli canpoli,1
twitter/elxn43 cdnpoli ScheerHypocrisy ScheerHomophobia scheerweakness,Reddit/onguardforthee,1
twitter/elxn43 cdnpoli ScheeringTheResume,Facebook/NationalMemeBoardofCanada,1
twitter/elxn43 cdnpoli TrudeauBlackface,Facebook/Don'tDrinktheCanadianCool-Aid,1
twitter/elxn43 cdnpoli TrudeauMustGo ChooseForward,twitter/elxn2019 elxn43 cdnpoli TrudeauMustGo ChooseForward,1
twitter/elxn43 cdnpoli Vancouver yvr,twitter/cdnpoli yvr,1
twitter/elxn43 cdnpoli Vote NeverScheer,twitter/elxn43 cdnpoli,1
twitter/elxn43 cdnpoli canada ScheerLoser,twitter/cdnpoli elxn43 canpoli onpoli FordisFailing FraudNation,1
twitter/elxn43 cdnpoli canadavotes,Facebook/National Meme Board of Canada,1
twitter/elxn43 cdnpoli canpoli onpoli,twitter/cdnpoli CDNvote2019,1
twitter/elxn43 cdnpoli canpoli topoli canadavotes2019 canadaelections2019 TrudeauMustGo Canada,4chan/pol,1
twitter/elxn43 cdnpoli faceafaceTVA,4chan/pol,1
twitter/elxn43 cdnpoli itsourvote,twitter/JustinTrudeau brownface cdnpoli,1
twitter/elxn43 cdnpoli onpoli abpoli,Facebook/Canada Proud,1
twitter/elxn43 cdnpoli yyc,4chan/pol,1
twitter/elxn43 cdnpolil leadersdebate2019,Reddit/metacanada,1
twitter/elxn43 elx43 cdnelxn2019,Facebook/Canada Proud,1
twitter/elxn43 elxn2019,Reddit/metacanada,1
twitter/elxn43 elxn2019 CanadaVotes,twitter/cdnpoli elxn2019 elxn43 NDP UpRiSingh,1
twitter/elxn43 elxn2019 TrudeaulessTuesday cdnpoli,twitter/cdnpoli elxn43 TrudeauBlackface Trudeaubrownface,1
twitter/elxn43 elxnday ABC,twitter/elxn43 SheerHypocrisy SheerMadness,1
twitter/elxn43 leadersdebate2019,twitter/canadadebates2019 elxn43,1
twitter/elxn43 macleansdebate,twitter/MIA cdnpoli,1
twitter/elxn43 nspoli canpoli,Facebook/LeftistMemesforNewDemocratTeens,1
twitter/elxn43 partivert greenwave,Reddit/onguardforthee,1
twitter/elxn43 polcan cdnpoli,twitter/ScheerDisaster onpoli cdnpoli elx43 ScheerCuts,1
twitter/elxn43 polcan cdnpoli,twitter/Trudeau elxn43 polcan,1
twitter/elxn43 polcan cdnpoli,twitter/elxn43 cdnpoli,1
twitter/equalization elxn43 TrudeauMustGo wexit,Facebook/Don't Drink the Canadian Cool-Aid,1
twitter/exln43 cdnpoli,4chan/pol,1
twitter/exln43 cdnpoli,Facebook/Canada Proud,1
twitter/firstdebate cdnpoli elxn19,Reddit/metacanada,1
twitter/firstdebate cdnpoli elxn43,Reddit/canadaleft,1
twitter/firstdebate elxn43,twitter/elxn43 cdnpoli,1
twitter/humour Trudeau jagmeetsingh polcan PLC NPD,4chan/pol,1
twitter/hw cdnpoli,4chan/pol,1
twitter/hw cdnpoli,twitter/JagmeetSingh NDP extinction,1
twitter/hw cdnpoli,twitter/TrudeauMustGo elxn43,1
twitter/hw cdnpoli,twitter/cdnpoli SNCLavalin,1
twitter/hw cdnpoli,twitter/elxn43 Election2019,1
twitter/iOS13 cdnpoli blackface BrownFaceTrudeau,Reddit/metacanada,1
twitter/inappropriate TrudeauMustGo FakeFeminist Hypocrite EntitledPunk Notaleader Narcissist elxn43,twitter/TrudeauMustGo inappropriate Groper FakeFeminist disgrace elxn43,1
twitter/jagmeetsingh cdnpoli elxn43 Debatenight,Reddit/ndp,1
twitter/jagmeetsingh ndp cndpoli Election2019,Reddit/canadapoliticshumour,1
twitter/leadersdebate2019 CanadaDebates2019 NDP,4chan/pol,1
twitter/leadersdebate2019 CanadaDebates2019 elxn43,twitter/POLS3200 cdnpoli,1
twitter/leadersdebate2019 NDP,Reddit/ndp,1
twitter/leadersdebate2019 elxn43,twitter/elxn43 leadersdebate2019,1
twitter/liberals cdnpoli elxn43,twitter/TwoPlanesTrudeau JustinTwoPlanes TrudeauMustGo TrudeauTheHypocrite canpoli elxn43 polcan,1
twitter/minoritygovernment elxn43,Reddit/metacanada,1
twitter/ndp cdnpoli elxn43,Reddit/ndp,1
twitter/ndp elxn43 cdnpoli,Facebook/Game Changers,1
twitter/neverconservative cdnpoli,twitter/elxn19 cdnpoli caib,1
twitter/nlpoli cdnpoli,Facebook/Don'tDrinktheCanadianCool-Aid,1
twitter/nuffsaid cdnpoli elxn43,twitter/cdnpoli elxn43,1
twitter/onpoli cdnpoli,twitter/onpoli cdnpoli elxn43,1
twitter/onpoli cdnpoli SunniWays,Reddit/metacanada,1
twitter/onpoli cdnpoli canada elxn43,twitter/cdnpoli elxn43,1
twitter/onpoli cdnpoli elxn43,4chan/pol,1
twitter/onpoli cdnpoli topoli Election2019 ICYMI CPC_HQ,Reddit/canadapolitics,1
twitter/paiii polcan,twitter/paiiii polcan,1
twitter/paiiii polcan,4chan/pol,1
twitter/paiiiii polcan,twitter/paiii polcan,1
twitter/peopleinglasshouses ScheerLies cdnpoli,twitter/cdnpoli ScheerFraud anythingbutconservative,1
twitter/polcan Elections2019,twitter/paiiiii polcan,1
twitter/polcan canpoli,Reddit/canadianpolitics,1
twitter/polcan climat,twitter/elxn43 polcan cdnpoli,1
twitter/polcan elxn43,Reddit/canadapoliticshumour,4
twitter/polcan faceafaceTVA,twitter/leadersdebate2019 CanadaDebates2019 elxn43,1
twitter/polcan polqc JustinTrudeau,twitter/Cdnpoli elxn43 TrudeauBlackface,1
twitter/politics cdnpoli,4chan/pol,1
twitter/polqc polcan,Facebook/Qu√©bec FIER,1
twitter/polqc polcan,Reddit/metacanada,1
twitter/polqc polcan cdnpoli GretaThunberg,4chan/pol,1
twitter/progressive cdnpoli elxn43,Reddit/metacanada,1
twitter/racismisracism cdnpoli elxn43,twitter/hw cdnpoli,1
twitter/rednexit wexit cdnpoli,Reddit/canada,1
twitter/skpoli cdnpoli,Reddit/canadapolitics,1
twitter/stcath ourhomestc cdnpoli elxn43 StCatharines Niagara NoConBullshit,4chan/pol,1
twitter/thanksgiving2019 cdnpoli cdnelxn2019 elxn43 vote ScheerDisaster,Facebook/North99,1
twitter/thief cdnpoli,Facebook/Justin Trudeau Not,1
twitter/tosunfront Trudeaublackface cdnpoli elxn43,twitter/TorontoSun Trudeaublackface elxn43 cdnpoli Torsun,1
twitter/uspoli cdnpoli pnpcbc UKpolitics auspol polcan eupol nzpol CTVpp elxn43,4chan/pol,1
twitter/uspoli cdnpoli slavery,4chan/pol,1
twitter/vigilantejustice dougford ontario yass cdnpoli,Reddit/onguardforthee,1
twitter/vote cdnpoli canadaelection2019 equal diversity election vote indigenous vote yyc vote,twitter/cdnpoli elxn43 Wednesday WednesdayWisdom,1
twitter/voteNDP cdnpoli elxn43,Reddit/onguardforthee,1
twitter/weakandy scaredandy scheerlies cdnpoli elxn43,twitter/AndrewScheer cdnpoli CPC,1
twitter/wednesdaythoughts StopTheBias TrudeauMustGo elxn43 elx43 brownface,twitter/WednesdayWisdom cndpoli TrudeauMustGo elxn43 elx43 Trudeau brownface blackface,1
twitter/wexit Brexit JasonKenney cdnpoli,Reddit/canadapoliticshumour,1
twitter/wexit cdnpoli,4chan/pol,1
twitter/yeg ableg cdnpoli,twitter/cdnpoli elxn43,1
twitter/yeg cdnpoli elxn43,Reddit/metacanada,1
twitter/yourvotematters elxn43,Reddit/canada,1
