cluster,source,target,weight
6,Reddit/canadapoliticshumour,twitter/Andrew AndrewScheer cdnpoli elxn43,1
6,twitter/Andrew AndrewScheer cdnpoli elxn43,twitter/ScheeringTheResume ScheerNotAsAdvertised scheerhomophobia elxn43 cdnpoli,1
6,twitter/ScheeringTheResume ScheerNotAsAdvertised scheerhomophobia elxn43 cdnpoli,twitter/cdnpoli Scheer climatestrike prideparade,1
6,twitter/cdnpoli Scheer climatestrike prideparade,twitter/onpoli cdnpoli canada elxn43,1
6,twitter/onpoli cdnpoli canada elxn43,twitter/cdnpoli elxn43,1
6,twitter/cdnpoli elxn43,twitter/ScheeringTheResume ScheerLies ScheerHypocrisy ChooseForward elxn43,1
13,Reddit/canadapoliticshumour,twitter/cdnpoli elx43,1
13,twitter/cdnpoli elx43,twitter/cdnpoli Elexn43,1
13,twitter/cdnpoli Elexn43,twitter/cdnpoli elxn43,1
13,twitter/cdnpoli elxn43,twitter/andrewscheer CPC elxn43 cdnpoli,1
19,twitter/JustinTrudeau cdnpoli,twitter/elxn43 cdnpoli,1
19,twitter/elxn43 cdnpoli,twitter/Sinterklaas TrudeauMustGo cdnpoli,1
19,twitter/Sinterklaas TrudeauMustGo cdnpoli,twitter/MondayMotivation elxn43 blackface,1
19,twitter/MondayMotivation elxn43 blackface,4chan/pol,1
23,Reddit/metacanada,twitter/cdnpoli elxn43 BreakingNews,1
23,twitter/cdnpoli elxn43 BreakingNews,twitter/blackface cdnpoli,1
23,twitter/blackface cdnpoli,twitter/blackface brownface cdnpoli elxn43,1
23,twitter/blackface brownface cdnpoli elxn43,4chan/pol,1
27,4chan/pol,twitter/elxn43 cdnpoli FordIsFailing DrinkUpSuckers onpoli,1
27,twitter/elxn43 cdnpoli FordIsFailing DrinkUpSuckers onpoli,Reddit/onguardforthee,1
56,Reddit/metacanada,twitter/TrudeauGrope TrudeauIsARacist cdnpoli,1
56,twitter/TrudeauGrope TrudeauIsARacist cdnpoli,twitter/elxn43 cdnpoli,1
56,twitter/elxn43 cdnpoli,Reddit/canada,1
56,Reddit/canada,twitter/canpoli justintrudeau topoli,1
56,twitter/canpoli justintrudeau topoli,twitter/cdnpoli elxn2019 Elexn43,1
56,twitter/cdnpoli elxn2019 Elexn43,twitter/elxn43 cdnpoli itsourvote,1
56,twitter/elxn43 cdnpoli itsourvote,twitter/JustinTrudeau brownface cdnpoli,1
56,twitter/JustinTrudeau brownface cdnpoli,twitter/cdnpoli TrudeauWorstPM canada maga,1
56,twitter/cdnpoli TrudeauWorstPM canada maga,twitter/JustinTrudeau cdnfp cdnpoli elxn43,1
56,twitter/JustinTrudeau cdnfp cdnpoli elxn43,twitter/Trudeau polcan,1
56,twitter/Trudeau polcan,twitter/cdnpoli Elexn43,1
56,twitter/cdnpoli Elexn43,twitter/racist groper cdnpoli,1
56,twitter/racist groper cdnpoli,twitter/cdnpoli ellxn43,1
60,twitter/AndrewScheer elx43 cdnpoli,Reddit/canadapoliticshumour,1
60,Reddit/canadapoliticshumour,twitter/AndrewScheer elxn43 cdnpoli,1
60,twitter/AndrewScheer elxn43 cdnpoli,twitter/elxn43 cdnpoli,1
61,Facebook/LeftistMemesforNewDemocratTeens,twitter/cndpoli Vote,1
61,twitter/cndpoli Vote,twitter/cdnpoli elxn43,1
61,twitter/cdnpoli elxn43,twitter/elxn43 cdnpoli ScheerDisaster,1
61,twitter/elxn43 cdnpoli ScheerDisaster,twitter/elxn43 nspoli canpoli,1
76,twitter/AndrewScheer CPC Elexn43 ScheerHypocrisy leadersdebate2019,Reddit/canadapoliticshumour,1
76,Reddit/canadapoliticshumour,Reddit/onguardforthee,1
76,Reddit/onguardforthee,twitter/ScheerAmerican YankeeDoodleAndy ScheersAmericanOperatives NoPlatformNoVote cdnpoli elxn43,1
76,twitter/ScheerAmerican YankeeDoodleAndy ScheersAmericanOperatives NoPlatformNoVote cdnpoli elxn43,twitter/StopScheer cdnpoli elxn43,1
76,twitter/StopScheer cdnpoli elxn43,twitter/cdnpoli canpoli StandonGuard,1
76,twitter/cdnpoli canpoli StandonGuard,twitter/elxn43 ChooseForwardWithTrudeau,1
76,twitter/elxn43 ChooseForwardWithTrudeau,twitter/cdnpoli elxn43,1
76,twitter/cdnpoli elxn43,twitter/ScheerNotAsAdvertised elxn43 cdnpoli,1
76,twitter/ScheerNotAsAdvertised elxn43 cdnpoli,twitter/StopScheer elxn43,1
76,twitter/StopScheer elxn43,twitter/StopScheer AmericAndy YankeeDoodleAndy elxn43,1
76,twitter/StopScheer AmericAndy YankeeDoodleAndy elxn43,twitter/WhyScheerLost cdnpoli,1
76,twitter/WhyScheerLost cdnpoli,twitter/YANKEEdoodleAndy elxn43,1
77,twitter/ONpoli elxn43 cdnpoli,4chan/pol,1
103,Facebook/Team Scheer,twitter/DefundCBC cdnpoli elxn43 TrudeauMustGo,1
105,twitter/JustinTrudeaubrownface cdnpoli PPC2019 elx43,Reddit/metacanada,1
114,Reddit/canadapoliticshumour,twitter/AndrewScheer elxn43,1
114,twitter/AndrewScheer elxn43,twitter/ScheerLies cdnpoli,1
114,twitter/ScheerLies cdnpoli,twitter/AndrewScheer cdnpoli,1
114,twitter/AndrewScheer cdnpoli,twitter/ScheeringTheResume ScheerNotAsAdvertised cdnpoli CPC,1
114,twitter/ScheeringTheResume ScheerNotAsAdvertised cdnpoli CPC,twitter/canpoli cdnpoli StandonGuard,1
114,twitter/canpoli cdnpoli StandonGuard,twitter/cdnpoli canpoli elxn43 ChooseForward,1
114,twitter/cdnpoli canpoli elxn43 ChooseForward,twitter/cdnpoli Scheerlies,1
116,Facebook/Leftist Memes for New Democrat Teens,Reddit/canadaleft,1
116,Reddit/canadaleft,twitter/Cdnpoli elxn43,1
153,twitter/MaximeBernier cdnpoli,Reddit/canadapoliticshumour,1
163,Facebook/Team Scheer,twitter/cdnpoli elxn43 TrudeauMustGo,1
194,Reddit/canadapoliticshumour,twitter/Trudeau TrudeauBlackface cdnpoli,1
201,twitter/GretaThunberg elxn43 polcan,Reddit/metacanada,1
206,twitter/AndrewScheer cdnpoli elxn43,twitter/elxn43 cdnpoli ScheerDesperation,1
206,twitter/elxn43 cdnpoli ScheerDesperation,twitter/weakandy scaredandy scheerlies cdnpoli elxn43,1
206,twitter/weakandy scaredandy scheerlies cdnpoli elxn43,Reddit/canadapoliticshumour,1
206,Reddit/canadapoliticshumour,twitter/AndrewScheer cdnpoli CPC,1
206,twitter/AndrewScheer cdnpoli CPC,twitter/StopScheer cdnpoli elxn43,1
231,Reddit/canada,4chan/pol,1
231,4chan/pol,twitter/hw cdnpoli,1
231,twitter/hw cdnpoli,twitter/elxn43 Election2019,1
231,twitter/elxn43 Election2019,twitter/leadersdebate2019 cdnpoli,1
257,Facebook/Canada Proud,twitter/TrudeauMustGo StopTheCoalition elxn43,1
257,twitter/TrudeauMustGo StopTheCoalition elxn43,twitter/elxn43 cdnpoli onpoli abpoli,1
258,Facebook/Canada Proud,twitter/cdnpoli elxn43,1
267,Reddit/metacanada,twitter/cdnpoli elx43,1
277,4chan/pol,twitter/blackface cdnpoli elxn43 elxn2019 onpoli TOpoli ChooseForward,1
277,twitter/blackface cdnpoli elxn43 elxn2019 onpoli TOpoli ChooseForward,twitter/cdnpoli elxn43 elxn2019 onpoli TOpoli ChooseForward JustinTrudeau brownface Trudeau,1
282,Reddit/canadapoliticshumour,twitter/liberals cdnpoli elxn43,1
282,twitter/liberals cdnpoli elxn43,twitter/TwoPlanesTrudeau JustinTwoPlanes TrudeauMustGo TrudeauTheHypocrite canpoli elxn43 polcan,1
282,twitter/TwoPlanesTrudeau JustinTwoPlanes TrudeauMustGo TrudeauTheHypocrite canpoli elxn43 polcan,twitter/cdnpoli TrudeauMustGo TrudeauMustGo TrudeauWorstPM TrudeauCorruption TrudeauCorruption,1
292,twitter/hw cdnpoli,twitter/cdnpoli SNCLavalin,1
292,twitter/cdnpoli SNCLavalin,twitter/JagmeetSingh NDP extinction,1
292,twitter/JagmeetSingh NDP extinction,twitter/elxn43 canpoli,1
292,twitter/elxn43 canpoli,4chan/pol,1
301,Facebook/Don't Drink the Canadian Cool-Aid,twitter/cdnpoli elxn43,1
301,twitter/cdnpoli elxn43,4chan/pol,1
301,4chan/pol,twitter/Canada TrudeauCorruption TrudeauBlackface cdnpoli,1
301,twitter/Canada TrudeauCorruption TrudeauBlackface cdnpoli,twitter/LPC cdnpoli elxn43,1
319,Facebook/LeftistMemesforNewDemocratTeens,Reddit/ndp,1
320,4chan/pol,twitter/Leadersdebate cdnpoli elxn43,1
321,Facebook/LeftistMemesforNewDemocratTeens,twitter/elxn43 cdnpoli,1
321,twitter/elxn43 cdnpoli,twitter/InItForYou elxn43 cdnpoli,1
324,twitter/jagmeetsingh cdnpoli elxn43 Debatenight,Reddit/ndp,1
351,twitter/elxn43 cdnpoli,Reddit/canadapoliticshumour,1
351,Reddit/canadapoliticshumour,twitter/elxn43 CDNvote2019,1
359,Facebook/Justin Trudno,twitter/TrudeauTheHyprocrite elxn43 cdnpoli,1
359,twitter/TrudeauTheHyprocrite elxn43 cdnpoli,twitter/TrudeauTheHyprocrite cdnpoli elxn43,1
367,twitter/RuhRo Scheer Harper Trudeau CPC canpoli onpoli,Reddit/onguardforthee,1
385,twitter/WEXITALBERTA wexit canpoli elxn43,4chan/pol,1
415,4chan/pol,Reddit/canadaleft,1
415,Reddit/canadaleft,twitter/WednesdayWisdom cndpoli elx43 elxn43 TrudeauMustGo Trudeau brownface,1
415,twitter/WednesdayWisdom cndpoli elx43 elxn43 TrudeauMustGo Trudeau brownface,twitter/wednesdaythoughts StopTheBias TrudeauMustGo elxn43 elx43 brownface,1
415,twitter/wednesdaythoughts StopTheBias TrudeauMustGo elxn43 elx43 brownface,twitter/WednesdayWisdom cndpoli TrudeauMustGo elxn43 elx43 Trudeau brownface blackface,1
415,twitter/WednesdayWisdom cndpoli TrudeauMustGo elxn43 elx43 Trudeau brownface blackface,twitter/elxn cdnpoli,1
428,twitter/JustinTrudeau Brownface elxn43,twitter/cdnpoli TrudeauMustGo TrudeauBlackface,1
428,twitter/cdnpoli TrudeauMustGo TrudeauBlackface,twitter/elxn43 cdnpoli,1
428,twitter/elxn43 cdnpoli,Facebook/Justin Trudno,1
428,Facebook/Justin Trudno,4chan/pol,1
444,twitter/TrudeauMustGo TrudeauBlackface cdnpoli canada news,twitter/cdnpoli TrudeauBlackface,1
444,twitter/cdnpoli TrudeauBlackface,twitter/cdnpoli elxn43 TrudeauBlackface Trudeaubrownface,1
444,twitter/cdnpoli elxn43 TrudeauBlackface Trudeaubrownface,twitter/ywg cdnpoli TrudeauBlackface,1
444,twitter/ywg cdnpoli TrudeauBlackface,twitter/ChooseBlackward cdnpoli TrudeauTheHypocrite elxn43 TrudeauMustGo,1
444,twitter/ChooseBlackward cdnpoli TrudeauTheHypocrite elxn43 TrudeauMustGo,twitter/Trudeau Obama Cdnpoli,1
444,twitter/Trudeau Obama Cdnpoli,twitter/Trudeau TrudeauBlackface cdnpoli elxn2019,1
444,twitter/Trudeau TrudeauBlackface cdnpoli elxn2019,twitter/Trudeau cdnpoli elxn43,1
444,twitter/Trudeau cdnpoli elxn43,twitter/TrudeauBlackface elxn43 cdnpoli,1
444,twitter/TrudeauBlackface elxn43 cdnpoli,twitter/Canadians elxn43,1
444,twitter/Canadians elxn43,twitter/elxn2019 cdnpoli TrudeauMustGo TrudeauBlackface,1
444,twitter/elxn2019 cdnpoli TrudeauMustGo TrudeauBlackface,Reddit/canada,1
444,Reddit/canada,twitter/elxn43 elxn2019 TrudeaulessTuesday cdnpoli,1
445,Reddit/canadapoliticshumour,twitter/jagmeetsingh ndp cndpoli Election2019,1
469,Reddit/metacanada,twitter/tosunfront Trudeaublackface cdnpoli elxn43,1
469,twitter/tosunfront Trudeaublackface cdnpoli elxn43,twitter/TorontoSun Trudeaublackface elxn43 cdnpoli Torsun,1
482,twitter/cdnpoli elxn43,4chan/pol,1
489,Facebook/Canada Proud,twitter/TrudeauMustGo SaveCanada elxn43,1
507,twitter/DougFord elxn43,twitter/LilDougie elxn43 cdnpoli,1
507,twitter/LilDougie elxn43 cdnpoli,Reddit/canadapoliticshumour,1
507,Reddit/canadapoliticshumour,twitter/elxn43 elxn19,1
507,twitter/elxn43 elxn19,twitter/cdnpoli onpoli,1
513,Facebook/Old Stock Canadian,twitter/cdnpoli tcot polcan politicstoday Truexit,1
562,Reddit/onguardforthee,twitter/cdnpoli cdnmedia,1
580,Reddit/metacanada,twitter/minoritygovernment elxn43,1
615,Reddit/canadapoliticshumour,twitter/elxn43 CDNvote2019,1
615,twitter/elxn43 CDNvote2019,twitter/cdnpoli elxn43,1
630,Reddit/onguardforthee,twitter/elxn43 cdnpoli,1
632,Facebook/Mad Max Bernier,Facebook/Justin Trudeau Not,1
632,Facebook/Justin Trudeau Not,twitter/cdnpoli elxn2019 canadavotes2019 elxn43,1
632,twitter/cdnpoli elxn2019 canadavotes2019 elxn43,4chan/pol,1
648,Reddit/metacanada,twitter/BrownFaceTrudeau cdnpoli elxn43,1
648,twitter/BrownFaceTrudeau cdnpoli elxn43,twitter/blackface BrownFaceTrudeau polcan Election2019 Elections2019,1
648,twitter/blackface BrownFaceTrudeau polcan Election2019 Elections2019,twitter/Harper TrudeauBlackface elxn43 polcan,1
648,twitter/Harper TrudeauBlackface elxn43 polcan,twitter/Harper TIME elxn43 polcan cdnpoli,1
648,twitter/Harper TIME elxn43 polcan cdnpoli,twitter/cdnpoli TrudeauMustGo BrownFaceTrudeau TrudeauBlackface,1
648,twitter/cdnpoli TrudeauMustGo BrownFaceTrudeau TrudeauBlackface,twitter/Cdnpoli TrudeauBlackface elxn43 22minutes CBC TrudeauMustGo,1
648,twitter/Cdnpoli TrudeauBlackface elxn43 22minutes CBC TrudeauMustGo,4chan/pol,1
648,4chan/pol,Reddit/canada,1
659,twitter/cdnpoli elxn43,4chan/pol,1
674,Facebook/Team Scheer,twitter/cdnpoli elxn43,1
678,twitter/cdnpoli elxn43,twitter/cdnpoli Election2019,1
678,twitter/cdnpoli Election2019,Reddit/canadapoliticshumour,1
678,Reddit/canadapoliticshumour,twitter/cdnpoli elxn43 editorialcartoon,1
688,Reddit/canada,twitter/cdnpoli browngirlproblems,1
700,Facebook/Canada Proud,twitter/exln43 cdnpoli,1
719,twitter/HarryPotter elxn43 canadavotes2019,4chan/pol,1
730,twitter/cdnpoli elxn43,Reddit/canadapoliticshumour,1
735,twitter/AndrewScheer cdnpoli,twitter/AndrewScheer canpoli CanadaVotes,1
735,twitter/AndrewScheer canpoli CanadaVotes,twitter/ChooseForward TrudeauMustStay cdnpoli,1
735,twitter/ChooseForward TrudeauMustStay cdnpoli,Reddit/canadapoliticshumour,1
735,Reddit/canadapoliticshumour,twitter/NeverScheer elxn43,1
737,Facebook/Leftist Memes for New Democrat Teens,Reddit/ndp,1
737,Reddit/ndp,twitter/elxn43 NDP,1
774,twitter/abpoli cdnpoli Alberta,Reddit/canadapoliticshumour,1
786,Reddit/canadapoliticshumour,twitter/cdnpoli elxn43,1
805,twitter/TwoPlaneTrudeau hypocrite cdnpoli elxn43,4chan/pol,1
819,twitter/DougFord cdnpoli,Reddit/canadapoliticshumour,1
824,twitter/ableg abpoli cdnpoli elxn43,4chan/pol,1
828,Facebook/Game Changers,Reddit/ndp,1
828,Reddit/ndp,twitter/ndp cdnpoli elxn43,1
828,twitter/ndp cdnpoli elxn43,twitter/ndp elxn43 cdnpoli,1
856,Facebook/Canada Proud,twitter/elxn43 TrudeauMustGo,1
886,twitter/elxn43 cdnpoli,Reddit/canadapoliticshumour,1
886,Reddit/canadapoliticshumour,twitter/elex43 cdnpoli,1
886,twitter/elex43 cdnpoli,twitter/Election2019 DebateNight macleans canpoli,1
886,twitter/Election2019 DebateNight macleans canpoli,twitter/JagmeetSingh NDP JustinTrudeau TrudeauMustGo AndrewScheer,1
886,twitter/JagmeetSingh NDP JustinTrudeau TrudeauMustGo AndrewScheer,twitter/elxn43 macleansdebate,1
886,twitter/elxn43 macleansdebate,twitter/MIA cdnpoli,1
900,twitter/TrudeauMustGo SaveCanada cdnpoli elxn43,twitter/elxn43 trudeaumustgo BrownFaceTrudeau blackface,1
900,twitter/elxn43 trudeaumustgo BrownFaceTrudeau blackface,4chan/pol,1
918,Reddit/canada,Reddit/onguardforthee,1
918,Reddit/onguardforthee,twitter/cdnpoli elxn43 yeg Vancouver Victoria Montreal Halifax Edmonton Winnipeg,1
918,twitter/cdnpoli elxn43 yeg Vancouver Victoria Montreal Halifax Edmonton Winnipeg,4chan/pol,1
918,4chan/pol,twitter/cdnpoli CDNvote2019,1
918,twitter/cdnpoli CDNvote2019,twitter/elx43 canpoli abpoli,1
918,twitter/elx43 canpoli abpoli,twitter/elxn43 cdnpoli,1
918,twitter/elxn43 cdnpoli,twitter/cdnpoli elxn43,1
934,Facebook/OccupyCanada,twitter/elxn43 cdnpoli,1
934,twitter/elxn43 cdnpoli,twitter/CanadaElection2019 elxn43,1
934,twitter/CanadaElection2019 elxn43,twitter/ScheerHypocrisy cdnpoli elxn43 VOTE,1
934,twitter/ScheerHypocrisy cdnpoli elxn43 VOTE,twitter/ElectionsCanada elxn43,1
934,twitter/ElectionsCanada elxn43,twitter/cdnpoli ItsOurVote elxn43,1
938,4chan/pol,twitter/CanadaElection2019 elxn43,1
938,twitter/CanadaElection2019 elxn43,twitter/elxn43 cdnpoli,1
940,twitter/cdnpoli elx43 cdnelxn2019,Reddit/canadapoliticshumour,1
940,Reddit/canadapoliticshumour,twitter/elxn43 cdnelxn2019,1
944,Reddit/onguardforthee,twitter/cdnpoli elx43 ElectionsCanada,1
946,Reddit/canadapoliticshumour,twitter/cdnpoli elxn43,1
946,twitter/cdnpoli elxn43,twitter/elxn43 cdnpoli,1
947,Facebook/Leftist Memes for New Democrat Teens,Reddit/ndp,1
963,Reddit/canadapoliticshumour,twitter/cdnpoli elx43 elxn2019 juliepayette,1
984,twitter/CanadaFirst cdnpoli,4chan/pol,1
996,Facebook/OccupyCanada,twitter/elxn43 canadavotes2019 CanadaDeservesBetter,1
996,twitter/elxn43 canadavotes2019 CanadaDeservesBetter,twitter/DougFraud CPC,1
996,twitter/DougFraud CPC,twitter/elxn43 cdnpoli ChooseForwardWithTrudeau,1
996,twitter/elxn43 cdnpoli ChooseForwardWithTrudeau,twitter/ScheerNonsense ScheerDisaster KinsellaGate elxn43,1
1000,twitter/cdnpoli TrudeauMustGo Trudeau Liberal Conservatives Canada Canadian Liberals onpoli,twitter/TrudeauMustGo TrudeauCorruption cdnpoli elxn43,1
1000,twitter/TrudeauMustGo TrudeauCorruption cdnpoli elxn43,twitter/TrudeauMustGo twatwaffle cdnpoli elxn43,1
1000,twitter/TrudeauMustGo twatwaffle cdnpoli elxn43,Facebook/Justin Trudeau Not,1
1004,Reddit/canadapoliticshumour,twitter/elxn43 cdnpoli,1
1004,twitter/elxn43 cdnpoli,twitter/elx43 cdnpoli,1
1015,Reddit/canadapoliticshumour,twitter/Elexn43 ElectoralReform LPC,1
1024,twitter/elxn43 cdnpoli yyc,4chan/pol,1
1034,twitter/cndpoli elxn43 AndrewTrump,twitter/cdnpoli ScheerAmerican ScheerDisaster,1
1034,twitter/cdnpoli ScheerAmerican ScheerDisaster,twitter/AndrewScheer ScheerAmerican VoteNoCPC cdnpoli elxn43,1
1034,twitter/AndrewScheer ScheerAmerican VoteNoCPC cdnpoli elxn43,twitter/cdnpoli ScheerAmerican,1
1034,twitter/cdnpoli ScheerAmerican,twitter/TeamTrudeau LPC,1
1034,twitter/TeamTrudeau LPC,Facebook/LeftistMemesforNewDemocratTeens,1
1034,Facebook/LeftistMemesforNewDemocratTeens,twitter/cdnpoli elxn2019 elxn43,1
1034,twitter/cdnpoli elxn2019 elxn43,twitter/YankeeDoodleAndy cdnpoli elxn43,1
1034,twitter/YankeeDoodleAndy cdnpoli elxn43,twitter/canpoli cdnpoli StandonGuard,1
1034,twitter/canpoli cdnpoli StandonGuard,Reddit/canadapolitics,1
1034,Reddit/canadapolitics,twitter/onpoli cdnpoli topoli Election2019 ICYMI CPC_HQ,1
1034,twitter/onpoli cdnpoli topoli Election2019 ICYMI CPC_HQ,twitter/anybodybutscheer elx43 LiberalParty cdnpoli,1
1034,twitter/anybodybutscheer elx43 LiberalParty cdnpoli,twitter/ElectionsCanada elxn43 cdnpoli Scheer,1
1042,twitter/elxn43 Trudeau Trugrope,twitter/cdnpoli elxn43,1
1042,twitter/cdnpoli elxn43,Reddit/metacanada,1
1049,4chan/pol,twitter/hamont onpoli elxn43,1
1070,Facebook/Canada Proud,twitter/TrudeauMustGo SaveCanada elxn43,1
1073,twitter/elxn43 CanadaVotes,Reddit/canadaleft,1
1091,4chan/pol,twitter/MakeMrBernierPM PeoplesPartyofCanada elxn43,1
1126,twitter/AndysResume ScheeringTheResume elxn43 cdnpoli polcan,4chan/pol,1
1126,4chan/pol,twitter/cndpoli elxn43 LiberalCorruption TrudeauCorruption VoteThemAllOut,1
1126,twitter/cndpoli elxn43 LiberalCorruption TrudeauCorruption VoteThemAllOut,twitter/elxn43 ElectionDay ElectionsCanada Election2019,1
1149,twitter/cdnpoli elxn43,twitter/elxn43 polcan cdnpoli,1
1149,twitter/elxn43 polcan cdnpoli,twitter/elxn43 cdnpoli,1
1149,twitter/elxn43 cdnpoli,4chan/pol,1
1149,4chan/pol,twitter/debatdeschefs2019 debatdeschefs elxn43,1
1152,twitter/cdnpoli canpoli elxn43 ChooseForward,Reddit/onguardforthee,1
1152,Reddit/onguardforthee,twitter/KanataCarleton elxn43,1
1152,twitter/KanataCarleton elxn43,twitter/elxn43 ChooseForwardWithTrudeau,1
1182,twitter/DougFord onpoli cdnpoli,Reddit/canadapoliticshumour,1
1217,twitter/ClimateStrikeCanada cdnpoli,twitter/cdnpoli elxn43,1
1217,twitter/cdnpoli elxn43,Reddit/metacanada,1
1217,Reddit/metacanada,twitter/leadersdebate2019 elxn43,1
1217,twitter/leadersdebate2019 elxn43,twitter/elxn43 leadersdebate2019,1
1217,twitter/elxn43 leadersdebate2019,twitter/canadadebates2019 elxn43,1
1217,twitter/canadadebates2019 elxn43,twitter/cdnpoli elxn43 KinsellaGate,1
1220,Facebook/Justin Trudeau Not,twitter/cdnpoli TrudeauMustGo TrudeauMustGo TrudeauWorstPM TrudeauCorruption TrudeauCorruption,1
1220,twitter/cdnpoli TrudeauMustGo TrudeauMustGo TrudeauWorstPM TrudeauCorruption TrudeauCorruption,twitter/canpoli Elexn43 Debatenight CanadaVotes TrudeauMustGo CanadaDeservesBetter,1
1220,twitter/canpoli Elexn43 Debatenight CanadaVotes TrudeauMustGo CanadaDeservesBetter,twitter/elxn43 canadavotes2019 cdnpoli TrudeauMustGo elxn2019,1
1238,twitter/cdnpoli elxn43 ItsOurVote,Facebook/NationalMemeBoardofCanada,1
1238,Facebook/NationalMemeBoardofCanada,twitter/elxn43 cdnpoli Vote NeverScheer,1
1238,twitter/elxn43 cdnpoli Vote NeverScheer,twitter/elxn43 cdnpoli,1
1238,twitter/elxn43 cdnpoli,twitter/cndpoli elxn43,1
1238,twitter/cndpoli elxn43,Reddit/onguardforthee,1
1243,twitter/Diversityisourstrength cdnpoli CDNvote2019,twitter/elxn43 cdnpoli,1
1243,twitter/elxn43 cdnpoli,4chan/pol,1
1243,4chan/pol,twitter/NationalBlackDogDay cdnpoli Trudeau,1
1299,twitter/elxn42 cdnpoli,Reddit/onguardforthee,1
1299,Reddit/onguardforthee,twitter/cdnpoli Election2019,1
1299,twitter/cdnpoli Election2019,twitter/Canada elxn43,1
1319,twitter/elxn43 cdnpoli,Reddit/canadapoliticshumour,1
1319,Reddit/canadapoliticshumour,twitter/elxn43 ChooseForwardWithTrudeau,1
1319,twitter/elxn43 ChooseForwardWithTrudeau,twitter/YankeeDoodleAndy DonaldTrump CluckCluck cdnpoli elxn43 ChooseForward,1
1320,Facebook/Leftist Memes for New Democrat Teens,twitter/elxn2019 elxn43 cdnpoli polqc polcan,1
1320,twitter/elxn2019 elxn43 cdnpoli polqc polcan,Facebook/LeftistMemesforNewDemocratTeens,1
1320,Facebook/LeftistMemesforNewDemocratTeens,twitter/canadavotes2019 elxn43 CanadaElection2019 ItsOurVote,1
1320,twitter/canadavotes2019 elxn43 CanadaElection2019 ItsOurVote,Reddit/canada,1
1320,Reddit/canada,twitter/cdnpoli elxn43 CanadaElection2019 CanadaVotes2019,1
1320,twitter/cdnpoli elxn43 CanadaElection2019 CanadaVotes2019,twitter/cdnpoli elxn43 CanadaElection2019 BritishColumbia,1
1320,twitter/cdnpoli elxn43 CanadaElection2019 BritishColumbia,twitter/Elxn43 cdnpoli,1
1320,twitter/Elxn43 cdnpoli,twitter/ElectionDay elxn43 CanadianElection,1
1352,Reddit/canadaleft,twitter/elxn43 cdnpoli,1
1360,Reddit/canada,Reddit/metacanada,1
1360,Reddit/metacanada,twitter/elxn43 cdnpoli,1
1360,twitter/elxn43 cdnpoli,twitter/elxn43 brownface,1
1360,twitter/elxn43 brownface,Reddit/canada,1
1360,Reddit/canada,twitter/racismisracism cdnpoli elxn43,1
1360,twitter/racismisracism cdnpoli elxn43,twitter/hw cdnpoli,1
1360,twitter/hw cdnpoli,4chan/pol,1
1360,4chan/pol,twitter/TrudeauMustGo elxn43,1
1360,twitter/TrudeauMustGo elxn43,twitter/RuinHalloweenIn4Words cdnpoli elxn43,1
1360,twitter/RuinHalloweenIn4Words cdnpoli elxn43,Reddit/metacanada,1
1380,Facebook/National Meme Board of Canada,twitter/cdnpoli elxn43 AmericAndy,1
1396,Facebook/National Meme Board of Canada,Facebook/Leftist Memes for New Democrat Teens,1
1396,Facebook/Leftist Memes for New Democrat Teens,twitter/cdnpoli WEXITALBERTA,1
1396,twitter/cdnpoli WEXITALBERTA,Reddit/onguardforthee,1
1396,Reddit/onguardforthee,Reddit/canadapoliticshumour,1
1396,Reddit/canadapoliticshumour,Facebook/Leftist Memes for New Democrat Teens,1
1417,twitter/blackface BlackfaceTrudeau BrownFaceTrudeau brownface TrudeauMustGo Trudeau elxn43,twitter/cdnpoli BrownFaceTrudeau TrudeauMustGo,1
1417,twitter/cdnpoli BrownFaceTrudeau TrudeauMustGo,twitter/cdnpoli TrudeauBlackface TrudeauMustGo,1
1417,twitter/cdnpoli TrudeauBlackface TrudeauMustGo,twitter/canpoli blackface BrownFaceTrudeau RacistTrudeau LiberalParty,1
1417,twitter/canpoli blackface BrownFaceTrudeau RacistTrudeau LiberalParty,twitter/cdnpoli TrudeauBlackface,1
1417,twitter/cdnpoli TrudeauBlackface,Reddit/metacanada,1
1425,twitter/ScheerlessTuesday cdnpoli elxn43,4chan/pol,1
1442,twitter/StopScheer NeverScheer cdnpoli,twitter/ScheerStupidity NeverScheer cdnpoli CanadaDeservesBetter,1
1442,twitter/ScheerStupidity NeverScheer cdnpoli CanadaDeservesBetter,twitter/cdnpoli elxn43,1
1442,twitter/cdnpoli elxn43,twitter/ScheerHypocrisy LearnFromOntariosMistake DoNotVoteCon elxn43 cdnpoli,1
1442,twitter/ScheerHypocrisy LearnFromOntariosMistake DoNotVoteCon elxn43 cdnpoli,4chan/pol,1
1442,4chan/pol,twitter/ConservativesHurtKids cdnpoli elxn43,1
1442,twitter/ConservativesHurtKids cdnpoli elxn43,twitter/FAKE elxn43,1
1442,twitter/FAKE elxn43,twitter/ScheerNotAsAdvertised ScheerDisaster cdnpoli elxn43 ChooseForward,1
1442,twitter/ScheerNotAsAdvertised ScheerDisaster cdnpoli elxn43 ChooseForward,twitter/StopScheer CalledTheConsForAReason elxn43,1
1447,twitter/TrudeauMustGo cdnpoli elxn43,twitter/elxn43 TrudeauMustGo,1
1447,twitter/elxn43 TrudeauMustGo,twitter/progressive cdnpoli elxn43,1
1447,twitter/progressive cdnpoli elxn43,Reddit/metacanada,1
1479,Facebook/Leftist Memes for New Democrat Teens,twitter/cdnpoli elxn43 SinghUpswing,1
1501,Facebook/Justin Trudeau Not,twitter/cdnpoli onpoli,1
1511,Facebook/Team Scheer,twitter/cdnpoli elxn43,1
1523,Reddit/canada,twitter/cdnpoli elxn43,1
1523,twitter/cdnpoli elxn43,twitter/cdnpoli JustinTrudeau,1
1523,twitter/cdnpoli JustinTrudeau,twitter/CDNvote2019 Cdnpoli,1
1523,twitter/CDNvote2019 Cdnpoli,twitter/NewEmoji cdnpoli,1
1523,twitter/NewEmoji cdnpoli,twitter/Trudeau elxn43,1
1523,twitter/Trudeau elxn43,twitter/BrownFaceTrudeau Elexn43 cdnpoli,1
1523,twitter/BrownFaceTrudeau Elexn43 cdnpoli,twitter/cdnpoli Election2019,1
1523,twitter/cdnpoli Election2019,Reddit/canada,1
1523,Reddit/canada,Reddit/canadapoliticshumour,1
1523,Reddit/canadapoliticshumour,twitter/TrudeauBlackface cdnpoli,1
1523,twitter/TrudeauBlackface cdnpoli,twitter/cdnpoli elxn43 TrudeauMustGo,1
1523,twitter/cdnpoli elxn43 TrudeauMustGo,twitter/TrudeauMustGo cdnpoli,1
1523,twitter/TrudeauMustGo cdnpoli,twitter/cdnpoli Trudeau,1
1523,twitter/cdnpoli Trudeau,twitter/BlackFace BrownFace elxn43 CDNpoli,1
1523,twitter/BlackFace BrownFace elxn43 CDNpoli,twitter/onpoli cdnpoli,1
1523,twitter/onpoli cdnpoli,4chan/pol,1
1523,4chan/pol,twitter/onpoli cdnpoli elxn43,1
1552,Facebook/Leftist Memes for New Democrat Teens,twitter/elxn43 NDP NDP2019 CanadaElection2019,1
1557,twitter/polqc polcan,Facebook/Qu√©bec FIER,1
1562,Reddit/canadaleft,Facebook/Leftist Memes for New Democrat Teens,1
1577,Reddit/canada,Reddit/canadapoliticshumour,1
1577,Reddit/canadapoliticshumour,Reddit/canada,1
1577,Reddit/canada,Reddit/onguardforthee,1
1577,Reddit/onguardforthee,Reddit/canada,1
1577,Reddit/canada,twitter/elxn43 cdnpoli,1
1577,twitter/elxn43 cdnpoli,Reddit/canada,1
1577,Reddit/canada,Reddit/metacanada,1
1577,Reddit/metacanada,Reddit/canada,1
1577,Reddit/canada,Reddit/metacanada,1
1577,Reddit/metacanada,Reddit/canada,1
1577,Reddit/canada,twitter/WeakAndy cdnpoli elxn43,1
1577,twitter/WeakAndy cdnpoli elxn43,Facebook/Leftist Memes for New Democrat Teens,1
1582,Reddit/ndp,twitter/cdnpoli canadavotes2019 ElectionDay NFL,1
1603,twitter/cdnpoli elxn19,4chan/pol,1
1605,twitter/elxn43 cdnpoli,4chan/pol,1
1607,Facebook/Justin Trudno,Reddit/metacanada,1
1690,4chan/pol,twitter/elxn43 cdnpoli,1
1690,twitter/elxn43 cdnpoli,twitter/cdnpoli elxn43,1
1694,Facebook/Game Changers,twitter/cdnpoli elx43,1
1710,Facebook/Team Scheer,twitter/cdnpoli elxn43,1
1730,twitter/cdnpoli TrudeaMustGo Election2019 CarbonTax ClimateEmergency JWR LavScam,twitter/Canada Liberal Traitor Trudeau LPC official,1
1730,twitter/Canada Liberal Traitor Trudeau LPC official,Reddit/metacanada,1
1754,Reddit/metacanada,twitter/cdnpoli NDP,1
1770,Reddit/canada,Facebook/Leftist Memes for New Democrat Teens,1
1770,Facebook/Leftist Memes for New Democrat Teens,twitter/cdnpoli WEXITALBERTA,1
1770,twitter/cdnpoli WEXITALBERTA,twitter/rednexit wexit cdnpoli,1
1808,Reddit/metacanada,twitter/cdnpoli elxn43,1
1823,Facebook/Canada Proud,twitter/TrudeauMustGo SaveCanada elxn43,1
1823,twitter/TrudeauMustGo SaveCanada elxn43,twitter/Thanksgiving elxn43 cdnpoli,1
1837,Reddit/canadaleft,Facebook/Leftist Memes for New Democrat Teens,1
1837,Facebook/Leftist Memes for New Democrat Teens,Reddit/ndp,1
1837,Reddit/ndp,twitter/Cdnpoli elxn43,1
1839,Reddit/canadapoliticshumour,twitter/polqc polcan,1
1864,twitter/firstdebate elxn43,twitter/elxn43 cdnpoli,1
1864,twitter/elxn43 cdnpoli,twitter/cdnpoli CanadaDebates2019 elxn2019 elx43,1
1864,twitter/cdnpoli CanadaDebates2019 elxn2019 elx43,twitter/ChooseForwardWithTrudeau ScheerCuts BeachcombersBeWare Cdnpoli,1
1864,twitter/ChooseForwardWithTrudeau ScheerCuts BeachcombersBeWare Cdnpoli,twitter/cdnpoli onpoli topoli,1
1864,twitter/cdnpoli onpoli topoli,4chan/pol,1
1867,twitter/cdnpoli Elexn43 cdnmedia,Reddit/metacanada,1
1889,Facebook/OccupyCanada,twitter/elxn43 cdnpoli InItForYou,1
1900,twitter/ScheerDisaster elxn43 cdnpoli,twitter/stcath ourhomestc cdnpoli elxn43 StCatharines Niagara NoConBullshit,1
1900,twitter/stcath ourhomestc cdnpoli elxn43 StCatharines Niagara NoConBullshit,4chan/pol,1
1900,4chan/pol,twitter/Scheer ItsOurVote ElectionsCanada elxn43 CanadianElection,1
1902,twitter/cdnpoli Elexn43 Toronto,Reddit/metacanada,1
1910,Facebook/LeftistMemesforNewDemocratTeens,twitter/cdnpoli elxn43 voteNDP,1
1910,twitter/cdnpoli elxn43 voteNDP,Facebook/Leftist Memes for New Democrat Teens,1
1935,twitter/cdnpoli Elexn43 ElectionsCanada DecisonCanada,twitter/firstdebate cdnpoli elxn19,1
1935,twitter/firstdebate cdnpoli elxn19,Reddit/metacanada,1
1950,Reddit/metacanada,twitter/cdnpoli elxn43,1
1950,twitter/cdnpoli elxn43,twitter/elxn43 cdnpoli,1
1950,twitter/elxn43 cdnpoli,twitter/cdnpoli Elexn43,1
1950,twitter/cdnpoli Elexn43,twitter/elxn43 cdnpoli ImWithJagmeet,1
1950,twitter/elxn43 cdnpoli ImWithJagmeet,twitter/elxn43 cdnpoli canpoli,1
1969,Reddit/metacanada,Reddit/canada,1
1969,Reddit/canada,twitter/elxn43 CDNPOLI,1
1978,twitter/voteanimal muppets politikahr cdnpoli,Reddit/metacanada,1
1982,Reddit/canada,4chan/pol,1
1982,4chan/pol,twitter/cdnpoli canadaelection2019 elxn43,1
1982,twitter/cdnpoli canadaelection2019 elxn43,Reddit/canadapolitics,1
1986,Facebook/National Meme Board of Canada,twitter/Alberta albertaseparation growup elxn43,1
1992,twitter/cdnpoli TrudeauMustGo,4chan/pol,1
2007,twitter/cdnpoli PRAVDA,Reddit/metacanada,1
2007,Reddit/metacanada,twitter/TrudeauMustGo ButtsMustGo notAbot cdnpoli elxn43 ParodyCabinet,1
2031,4chan/pol,twitter/ChooseForward elxn43,1
2042,Reddit/canada,twitter/JeVoteBloc exln43 polcan polqc Oui21,1
2050,4chan/pol,twitter/StopScheer CalledTheConsForAReason elxn43,1
2054,twitter/hw cdnpoli,4chan/pol,1
2057,4chan/pol,twitter/elxn43 cdnpolil leadersdebate2019,1
2057,twitter/elxn43 cdnpolil leadersdebate2019,Reddit/metacanada,1
2057,Reddit/metacanada,4chan/pol,1
2059,twitter/elxn43 cdnpoli,twitter/NeverJagmeet NoNDP elxn43 freeshit,1
2059,twitter/NeverJagmeet NoNDP elxn43 freeshit,Reddit/metacanada,1
2061,twitter/elxn43 cdnpoli,Facebook/Leftist Memes for New Democrat Teens,1
2098,Facebook/OccupyCanada,twitter/ClimateChange oil coal pollution cleanenergy cdnpoli GretaThurnberg GretaInAlberta,1
2098,twitter/ClimateChange oil coal pollution cleanenergy cdnpoli GretaThurnberg GretaInAlberta,Reddit/canadapoliticshumour,1
2099,twitter/cdnpoli TrudeauMustResign TrudeauMustGo Trudeaubrownface,twitter/BlackfaceTrudeau elxn43,1
2099,twitter/BlackfaceTrudeau elxn43,twitter/TrudeauMustGo cdnpoli,1
2099,twitter/TrudeauMustGo cdnpoli,Reddit/canadapolitics,1
2102,twitter/Trudeau Blackface cdnpoli elxn43,4chan/pol,1
2115,twitter/elxn43 cdnpoli,twitter/NotAsAdvertised ScheeringTheResume cdnpoli,1
2115,twitter/NotAsAdvertised ScheeringTheResume cdnpoli,twitter/ScheerLies ScheerHatred cdnpoli elxn43,1
2115,twitter/ScheerLies ScheerHatred cdnpoli elxn43,twitter/HamishMarshall elxn43 cdnpoli,1
2115,twitter/HamishMarshall elxn43 cdnpoli,4chan/pol,1
2115,4chan/pol,twitter/WhyScheerLost cdnpoli,1
2128,Reddit/canadapoliticshumour,twitter/polcan climat,1
2128,twitter/polcan climat,twitter/elxn43 polcan cdnpoli,1
2144,Facebook/Team Scheer,twitter/cdnpoli elxn43,1
2166,Reddit/metacanada,Reddit/canadapolitics,1
2166,Reddit/canadapolitics,twitter/FreePass Trudeau RCMP SNCLavalin elxn43 polcan cdnpoli,1
2166,twitter/FreePass Trudeau RCMP SNCLavalin elxn43 polcan cdnpoli,twitter/cdnpoli ElectionsCanada,1
2166,twitter/cdnpoli ElectionsCanada,twitter/Lavscam Trudeaumustgo canpoli,1
2166,twitter/Lavscam Trudeaumustgo canpoli,twitter/cdnpoli elxn43,1
2209,Facebook/Old Stock Canadian,twitter/cdnpoli tcot polcan,1
2216,Facebook/Team Scheer,twitter/cdnpoli elxn43,1
2228,twitter/cdnpoli elxn43,4chan/pol,1
2239,4chan/pol,twitter/elxn43 CanadaElection2019 CanadianElection cdnpoli exln43 wexit albertastrong westerncanadaeternal,1
2258,twitter/elxn43 cdnpoli TrudeauBlackface,twitter/ICYMI cdnpoli elxn43 Debatenight,1
2258,twitter/ICYMI cdnpoli elxn43 Debatenight,Facebook/Don'tDrinktheCanadianCool-Aid,1
2271,twitter/Trudeau brownface cdnpoli CanadaVotes,4chan/pol,1
2281,twitter/cdnpoli PrimeMinister,4chan/pol,1
2283,Reddit/canadapoliticshumour,twitter/Elexn43 LPC CPC StrategicVoting canlab,1
2283,twitter/Elexn43 LPC CPC StrategicVoting canlab,twitter/elxn43 CDNvote2019 cndpoli cdnpoli,1
2283,twitter/elxn43 CDNvote2019 cndpoli cdnpoli,Reddit/canadaleft,1
2338,Facebook/Leftist Memes for New Democrat Teens,Reddit/onguardforthee,1
2338,Reddit/onguardforthee,twitter/abpoli ableg cdnpoli,1
2341,Reddit/canadapoliticshumour,twitter/cdnpoli elxn43,1
2341,twitter/cdnpoli elxn43,twitter/FraudThePeople ScheerCuts ScheerLies FiftyThreeBillionInServiceCuts Cdnpoli ONpoli,1
2341,twitter/FraudThePeople ScheerCuts ScheerLies FiftyThreeBillionInServiceCuts Cdnpoli ONpoli,twitter/DougFord Onpoli AndrewScheer cdnpoli,1
2346,Facebook/Leftist Memes for New Democrat Teens,Reddit/canadapoliticshumour,1
2372,4chan/pol,twitter/SaturdayMotivation cndpoli elxn43 Election2019,1
2372,twitter/SaturdayMotivation cndpoli elxn43 Election2019,twitter/cdnpoli elxn43,1
2372,twitter/cdnpoli elxn43,twitter/elxn43 cdnpoli canpoli onpoli,1
2372,twitter/elxn43 cdnpoli canpoli onpoli,twitter/cdnpoli CDNvote2019,1
2372,twitter/cdnpoli CDNvote2019,twitter/Cdnpoli elxn43,1
2372,twitter/Cdnpoli elxn43,twitter/Canada lpc Trudeau cdnpoli,1
2411,twitter/InItForYou NewDealForPeople NDP JagmeetSingh firstdebate elxn19,Reddit/canadaleft,1
2411,Reddit/canadaleft,twitter/NDP2019 cdnpoli NDP NPD,1
2411,twitter/NDP2019 cdnpoli NDP NPD,twitter/elxn43 IndigPoli,1
2416,twitter/exln43 cdnpoli,4chan/pol,1
2419,Reddit/canada,Reddit/canadapolitics,1
2419,Reddit/canadapolitics,Reddit/canada,1
2419,Reddit/canada,Reddit/metacanada,1
2419,Reddit/metacanada,Reddit/canada,1
2419,Reddit/canada,twitter/TrudeauBlackface TrudeauPrivilege Trudeau TrudeauMustResign TrudeauMustGo cndpoli,1
2439,Facebook/Justin Trudeau Not,twitter/Trudeaumustgo canpoli,1
2446,Facebook/Old Stock Canadian,4chan/pol,1
2453,Reddit/canadianpolitics,twitter/cdnpoli Vote,1
2453,twitter/cdnpoli Vote,twitter/polcan canpoli,1
2453,twitter/polcan canpoli,twitter/cdnpoli elxn43 trudeaumustgo,1
2453,twitter/cdnpoli elxn43 trudeaumustgo,twitter/RickAstley Canada cdnpoli cdnelxn2019 Elexn43,1
2453,twitter/RickAstley Canada cdnpoli cdnelxn2019 Elexn43,twitter/RickAstley Canada cdnpoli cdnelxn2019 Elxn43,1
2472,Facebook/LeftistMemesforNewDemocratTeens,twitter/vote elxn43 elxn2019,1
2586,Facebook/Leftist Memes for New Democrat Teens,twitter/elxn43 elxn2019 CanadaVotes,1
2586,twitter/elxn43 elxn2019 CanadaVotes,twitter/cdnpoli elxn2019 elxn43 NDP UpRiSingh,1
2596,Facebook/Don'tDrinktheCanadianCool-Aid,Facebook/Justin Trudeau Not,1
2596,Facebook/Justin Trudeau Not,Reddit/metacanada,1
2673,twitter/uspoli cdnpoli slavery,4chan/pol,1
2703,twitter/climateDingBat hypocrite LavScam cdnpoli,twitter/cdnpoli LavScam elxn43,1
2703,twitter/cdnpoli LavScam elxn43,twitter/TrudeauMustGo CanadaDeservesBetter cdnpoli elxn43,1
2703,twitter/TrudeauMustGo CanadaDeservesBetter cdnpoli elxn43,Facebook/Canada Proud,1
2703,Facebook/Canada Proud,twitter/cdnpoli elxn2019,1
2703,twitter/cdnpoli elxn2019,twitter/cdnpoli elxn43 imposter,1
2703,twitter/cdnpoli elxn43 imposter,Reddit/metacanada,1
2706,Facebook/Justin Trudno,twitter/TrudeauMustGo cdnpoli,1
2725,Reddit/onguardforthee,Reddit/canadapolitics,1
2725,Reddit/canadapolitics,Facebook/Leftist Memes for New Democrat Teens,1
2730,twitter/ItsOurVote cdnpoli elxn43,twitter/elxn43 cdnpoli,1
2730,twitter/elxn43 cdnpoli,twitter/TriggerChange cdnpoli elxn43 CPC19 CPC cpc2019 TrudeauMustGo,1
2730,twitter/TriggerChange cdnpoli elxn43 CPC19 CPC cpc2019 TrudeauMustGo,4chan/pol,1
2730,4chan/pol,twitter/chooseforward SNCaladdin elxn43,1
2730,twitter/chooseforward SNCaladdin elxn43,twitter/ElectionDay elxn43 shameful,1
2732,Reddit/canadapoliticshumour,twitter/Debate1 elxn43 cdnpoli,1
2747,Reddit/metacanada,twitter/TrudeauIsARacist cdnpoli TrudeauMustGo TrudeauMustResign TrudeauDemission,1
2800,Facebook/Canada Proud,twitter/cdnpoli elxn43,1
2827,Reddit/metacanada,twitter/CanadianElection elxn43 canadianvoice,1
2827,twitter/CanadianElection elxn43 canadianvoice,twitter/Elexn43 cdnpoli,1
2863,Reddit/onguardforthee,4chan/pol,1
2924,Facebook/Old Stock Canadian,twitter/cdnpoli tcot polcan,1
2926,twitter/vote cdnpoli canadaelection2019 equal diversity election vote indigenous vote yyc vote,twitter/cdnpoli elxn43 Wednesday WednesdayWisdom,1
2926,twitter/cdnpoli elxn43 Wednesday WednesdayWisdom,twitter/elxn43 CanadaVotes,1
2926,twitter/elxn43 CanadaVotes,4chan/pol,1
2926,4chan/pol,twitter/cdnpoli ScheerDisaster canadavotes2019,1
2926,twitter/cdnpoli ScheerDisaster canadavotes2019,twitter/canadavotes cdnpoli vote,1
2926,twitter/canadavotes cdnpoli vote,twitter/cdnpoli CDNvote2019 cdnelxn2019 CanadaElection2019 canadavotes2019,1
2947,twitter/elxn43 cdnpoli,twitter/cdnpoli elxn43,1
2947,twitter/cdnpoli elxn43,4chan/pol,1
2947,4chan/pol,twitter/ableg elxn43 VoteLiberal,1
2993,Reddit/ndp,Reddit/canadaleft,1
2993,Reddit/canadaleft,4chan/pol,1
3032,Reddit/metacanada,Reddit/canada,1
3032,Reddit/canada,twitter/polcan polqc JustinTrudeau,1
3032,twitter/polcan polqc JustinTrudeau,twitter/Cdnpoli elxn43 TrudeauBlackface,1
3032,twitter/Cdnpoli elxn43 TrudeauBlackface,twitter/cdnpoli elxn43 BrownFaceTrudeau,1
3032,twitter/cdnpoli elxn43 BrownFaceTrudeau,Reddit/canada,1
3032,Reddit/canada,Reddit/canadapolitics,1
3032,Reddit/canadapolitics,twitter/cdnpoli BlackfaceTrudeau TrudeauMustResign,1
3032,twitter/cdnpoli BlackfaceTrudeau TrudeauMustResign,4chan/pol,1
3035,twitter/ClimateEmergency cdnpoli schoolstrike4climate GlobalClimateStrikes StopTMX TransMountain bcpoli CleanEnergy,4chan/pol,1
3070,Reddit/canadapoliticshumour,twitter/cdnpoli elxn43 greenparty ClimateStrike climatechange climateemergency onpoli,1
3070,twitter/cdnpoli elxn43 greenparty ClimateStrike climatechange climateemergency onpoli,twitter/CDNvote2019 cdnpoli cdnmedia,1
3070,twitter/CDNvote2019 cdnpoli cdnmedia,twitter/PLC PVC polcan polqc fed2019,1
3127,twitter/hw cdnpoli,twitter/cdnpoli SNCLavalin,1
3127,twitter/cdnpoli SNCLavalin,4chan/pol,1
3133,Reddit/metacanada,4chan/pol,1
3145,twitter/cdnpoli elxn43,Facebook/Leftist Memes for New Democrat Teens,1
3166,Reddit/onguardforthee,twitter/elxn43 polcan cdnpoli,1
3166,twitter/elxn43 polcan cdnpoli,twitter/ScheerDisaster onpoli cdnpoli elx43 ScheerCuts,1
3168,Facebook/Leftist Memes for New Democrat Teens,twitter/cdnpoli canpoli elxn43 ChooseForward,1
3172,twitter/cdnpoli elxn43 ChooseForward ChooseForwardWithoutTrudeau,Reddit/metacanada,1
3184,Reddit/metacanada,Reddit/canada,1
3184,Reddit/canada,twitter/PeoplesParty PPC2019 elxn43,1
3184,twitter/PeoplesParty PPC2019 elxn43,twitter/MakeMrBernierMyPM PeoplesPartyofCanada ChooseMaxime PPC2019 cdnpoli elxn43,1
3184,twitter/MakeMrBernierMyPM PeoplesPartyofCanada ChooseMaxime PPC2019 cdnpoli elxn43,twitter/MakeMrBernierMyPM PeoplesPartyofCanada elxn43,1
3199,twitter/cdnpoli elxn43,twitter/Liars cdnpoli elxn43 DeceitfulAndy DeceptiveAndy DishonestAndy,1
3199,twitter/Liars cdnpoli elxn43 DeceitfulAndy DeceptiveAndy DishonestAndy,twitter/elxn43 ChooseForward,1
3199,twitter/elxn43 ChooseForward,twitter/cndpoli bcpoli elxn43,1
3199,twitter/cndpoli bcpoli elxn43,twitter/elxn43 cdnpoli,1
3199,twitter/elxn43 cdnpoli,Reddit/metacanada,1
3199,Reddit/metacanada,twitter/Toronto GTA Ontario CanadaVotes2019 elxn43 CDNvote2019 cdnpoli ONpoli Waldo,1
3199,twitter/Toronto GTA Ontario CanadaVotes2019 elxn43 CDNvote2019 cdnpoli ONpoli Waldo,twitter/cdnpoli elxn43 itsourvote NeverScheer ChooseForward LPC ScheerDisaster,1
3208,4chan/pol,twitter/cdnpoli elxn43,1
3208,twitter/cdnpoli elxn43,twitter/blackface elxn43,1
3208,twitter/blackface elxn43,twitter/polqc polcan cdnpoli GretaThunberg,1
3224,4chan/pol,twitter/cdnpoli elxn43 ClimateStrike ClimateAction AttackRealPolluters OilSandsProud SupportCanadianEnergy,1
3234,4chan/pol,Reddit/metacanada,1
3235,Facebook/Team Scheer,twitter/cdnpoli elxn43,1
3238,twitter/TrudeauMustGo entitledpunk Inapropriate Notaleader disgrace elxn43 cdnpoli,Reddit/metacanada,1
3238,Reddit/metacanada,twitter/inappropriate TrudeauMustGo FakeFeminist Hypocrite EntitledPunk Notaleader Narcissist elxn43,1
3238,twitter/inappropriate TrudeauMustGo FakeFeminist Hypocrite EntitledPunk Notaleader Narcissist elxn43,twitter/TrudeauMustGo inappropriate Groper FakeFeminist disgrace elxn43,1
3267,twitter/elxn43 cdnpoli,twitter/cdnpoli skpoli,1
3267,twitter/cdnpoli skpoli,4chan/pol,1
3276,twitter/GretaThunberg ygreck elxn43 polcan,4chan/pol,1
3278,Reddit/metacanada,twitter/cdnpoli elxn43 TrudeauMustGo Elecciones2019 abpoli LiberalsMustGo,1
3278,twitter/cdnpoli elxn43 TrudeauMustGo Elecciones2019 abpoli LiberalsMustGo,Reddit/metacanada,1
3301,twitter/elxn43 CDNvote2019 cdnpoli Scheer4PM,4chan/pol,1
3349,twitter/cndpoli retweet,Reddit/onguardforthee,1
3349,Reddit/onguardforthee,Reddit/canadapoliticshumour,1
3349,Reddit/canadapoliticshumour,twitter/voteNDP cdnpoli elxn43,1
3353,twitter/cdnpoli TrudeauMustGo Trudeau Liberal Conservatives Canada Canadian Liberals onpoli FlushTheTurd,Reddit/metacanada,1
3353,Reddit/metacanada,Facebook/Don'tDrinktheCanadianCool-Aid,1
3360,Reddit/onguardforthee,Reddit/ndp,1
3360,Reddit/ndp,Facebook/Leftist Memes for New Democrat Teens,1
3360,Facebook/Leftist Memes for New Democrat Teens,twitter/elxn43 NDP,1
3360,twitter/elxn43 NDP,Reddit/onguardforthee,1
3368,Reddit/metacanada,twitter/NeverMax MaxWho PPC CanadaDebates2019 elx43 canpoli leadersdebate2019,1
3368,twitter/NeverMax MaxWho PPC CanadaDebates2019 elx43 canpoli leadersdebate2019,twitter/MaxWho NeverMax No2PPC elxn43,1
3369,Facebook/LeftistMemesforNewDemocratTeens,Reddit/canadaleft,1
3371,Facebook/NationalMemeBoardofCanada,twitter/peopleinglasshouses ScheerLies cdnpoli,1
3371,twitter/peopleinglasshouses ScheerLies cdnpoli,twitter/cdnpoli ScheerFraud anythingbutconservative,1
3371,twitter/cdnpoli ScheerFraud anythingbutconservative,twitter/ScheerLies elxn43 cdnpoli,1
3371,twitter/ScheerLies elxn43 cdnpoli,twitter/cdnpoli Elexn43,1
3371,twitter/cdnpoli Elexn43,twitter/ScheerNotAsAdvertised ScheeringTheResume ScheerLies cdnpoli,1
3371,twitter/ScheerNotAsAdvertised ScheeringTheResume ScheerLies cdnpoli,twitter/neverconservative cdnpoli,1
3371,twitter/neverconservative cdnpoli,Reddit/canada,1
3371,Reddit/canada,twitter/elxn19 cdnpoli caib,1
3371,twitter/elxn19 cdnpoli caib,twitter/elxn43 cdnpoli ScheeringTheResume,1
3392,Reddit/onguardforthee,twitter/TrudeauMustGo JagmeetSinghMustGo MayIsCrazy Scheer4PM cdnpoli elxn43,1
3392,twitter/TrudeauMustGo JagmeetSinghMustGo MayIsCrazy Scheer4PM cdnpoli elxn43,twitter/CrookedCoalition elxn43 TrudeaulessTuesday,1
3397,twitter/LPC firstdebate,4chan/pol,1
3419,Reddit/onguardforthee,twitter/NeverScheer FordIsFailing DougFraud NeverTrustAConservative cdnpoli onpoli elxn43,1
3419,twitter/NeverScheer FordIsFailing DougFraud NeverTrustAConservative cdnpoli onpoli elxn43,twitter/vigilantejustice dougford ontario yass cdnpoli,1
3464,Reddit/canadaleft,Reddit/onguardforthee,1
3464,Reddit/onguardforthee,Reddit/canada,1
3464,Reddit/canada,twitter/cdnpoli elxn43,1
3473,4chan/pol,Facebook/Don'tDrinktheCanadianCool-Aid,1
3490,twitter/AmericanAndy cdnpoli,4chan/pol,1
3502,Facebook/Team Scheer,twitter/cdnpoli TrudeauTheHyprocrite TrudeauTwoPlanes elxn43,1
3503,twitter/canpoli ClimateAction elxn43,Reddit/canadapoliticshumour,1
3516,twitter/polcan elxn43,Reddit/canadapoliticshumour,1
3545,twitter/Ontario Quebec Canada cndpoli,twitter/equalization elxn43 TrudeauMustGo wexit,1
3545,twitter/equalization elxn43 TrudeauMustGo wexit,Facebook/Don't Drink the Canadian Cool-Aid,1
3604,twitter/nlpoli cdnpoli,Facebook/Don'tDrinktheCanadianCool-Aid,1
3606,Facebook/Leftist Memes for New Democrat Teens,Reddit/canadaleft,1
3618,twitter/polcan faceafaceTVA,twitter/leadersdebate2019 CanadaDebates2019 elxn43,1
3618,twitter/leadersdebate2019 CanadaDebates2019 elxn43,twitter/POLS3200 cdnpoli,1
3618,twitter/POLS3200 cdnpoli,4chan/pol,1
3620,twitter/cdnpoli NoCPC,twitter/cdnpoli elxn43 ScheerNonsense votetrudeau,1
3620,twitter/cdnpoli elxn43 ScheerNonsense votetrudeau,twitter/cdnpoli elxn43 ScheerNonsense VoteTrudeau,1
3620,twitter/cdnpoli elxn43 ScheerNonsense VoteTrudeau,twitter/cdnpoli elxn43,1
3620,twitter/cdnpoli elxn43,Reddit/canadapolitics,1
3620,Reddit/canadapolitics,twitter/cdnpoli CPCdebt,1
3640,Facebook/Leftist Memes for New Democrat Teens,Reddit/canadaleft,1
3650,Facebook/Old Stock Canadian,Reddit/metacanada,1
3677,twitter/polcan Elections2019,twitter/paiiiii polcan,1
3677,twitter/paiiiii polcan,twitter/paiii polcan,1
3677,twitter/paiii polcan,twitter/paiiii polcan,1
3677,twitter/paiiii polcan,4chan/pol,1
3677,4chan/pol,twitter/elxn43 ElectionsCanada BlocQc,1
3694,twitter/elxn43 ChooseMaxime,4chan/pol,1
3716,twitter/ScheerlessTuesday cdnpoli,twitter/elxn43 cdnpoli canada ScheerLoser,1
3716,twitter/elxn43 cdnpoli canada ScheerLoser,Reddit/canadapoliticshumour,1
3716,Reddit/canadapoliticshumour,twitter/cdnpoli elxn43 canpoli onpoli FordisFailing FraudNation,1
3743,4chan/pol,twitter/elxn43 cdnpoli canpoli topoli canadavotes2019 canadaelections2019 TrudeauMustGo Canada,1
3757,Reddit/canadapolitics,Reddit/canada,1
3757,Reddit/canada,twitter/elxn43 cdnpoli,1
3760,Facebook/Leftist Memes for New Democrat Teens,twitter/SinghUpswing cndpoli elxn43,1
3814,twitter/JustinTrudeau polcan,twitter/Harper MeToo elxn43 polcan,1
3814,twitter/Harper MeToo elxn43 polcan,twitter/elxn43 cdnpoli,1
3814,twitter/elxn43 cdnpoli,twitter/TrudeauMustGo cdnpoli elxn43,1
3814,twitter/TrudeauMustGo cdnpoli elxn43,Reddit/canadapolitics,1
3814,Reddit/canadapolitics,twitter/FakeFeminist TrudeauMustGo cdnpoli elxn43,1
3814,twitter/FakeFeminist TrudeauMustGo cdnpoli elxn43,twitter/MeToo FreePass Trudeau elxn43 polcan,1
3814,twitter/MeToo FreePass Trudeau elxn43 polcan,twitter/KokaneeGroper cdnpoli elxn43,1
3814,twitter/KokaneeGroper cdnpoli elxn43,twitter/JustinTrudeau TrudeauMustGo LPC cdnpoli,1
3814,twitter/JustinTrudeau TrudeauMustGo LPC cdnpoli,twitter/elxn43 TrudeauMustResign BlackfaceTrudeau,1
3814,twitter/elxn43 TrudeauMustResign BlackfaceTrudeau,Reddit/metacanada,1
3822,twitter/elxn43 Scheer4PM CDNvote2019,4chan/pol,1
3822,4chan/pol,Facebook/Canada Proud,1
3858,Facebook/Old Stock Canadian,4chan/pol,1
3862,4chan/pol,Reddit/metacanada,1
3894,Reddit/metacanada,twitter/cdnpoli BlackfaceTrudeau,1
3900,Facebook/Game Changers,Reddit/canadaleft,1
3905,twitter/LeadersDebate elxn43,4chan/pol,1
3925,Facebook/Team Scheer,twitter/cdnpoli GOTV elxn43,1
3927,twitter/Canada poll CPC LPC NDP GPC BQ,Reddit/metacanada,1
3928,twitter/climatechange cdnpoli,Reddit/metacanada,1
3932,Facebook/Qu√©bec FIER,twitter/TrudeauBlackface TrudeauMustGo cdnpoli elxn43,1
3945,Reddit/metacanada,twitter/TrudeauMustGo TrudeauMustGo canpoli onpoli,1
3945,twitter/TrudeauMustGo TrudeauMustGo canpoli onpoli,twitter/SunnyWays2019Rendition BecauseIts2019 elxn43 AllLiberalsMustGo,1
3945,twitter/SunnyWays2019Rendition BecauseIts2019 elxn43 AllLiberalsMustGo,4chan/pol,1
3973,Reddit/metacanada,4chan/pol,1
3974,Reddit/metacanada,Facebook/Don'tDrinktheCanadianCool-Aid,1
3991,Reddit/canada,twitter/cdnpoli elxn2019 elxn43 FirstDebate,1
3991,twitter/cdnpoli elxn2019 elxn43 FirstDebate,twitter/cdnpoli elxn43,1
3991,twitter/cdnpoli elxn43,twitter/elxn43 MacLeansDebate Trudeau,1
3991,twitter/elxn43 MacLeansDebate Trudeau,twitter/LiarJohnson LiarTrudeau cdnpoli elxn43,1
4022,Facebook/Qu√©bec FIER,twitter/Elections2019 polqc polcan BlocQc,1
4022,twitter/Elections2019 polqc polcan BlocQc,Facebook/Qu√©bec FIER,1
4044,Reddit/metacanada,twitter/ChooseForwardWithoutLiberals cdnpoli,1
4044,twitter/ChooseForwardWithoutLiberals cdnpoli,twitter/elxn43 cdnpoli Vancouver yvr,1
4044,twitter/elxn43 cdnpoli Vancouver yvr,twitter/cdnpoli yvr,1
4044,twitter/cdnpoli yvr,twitter/cdnpoli Toronto,1
4045,twitter/humour Trudeau jagmeetsingh polcan PLC NPD,4chan/pol,1
4048,Facebook/Team Scheer,twitter/cdnpoli elxn43 TrudeauMustGo,1
4052,Reddit/metacanada,twitter/YorkU UofT Ryerson cdnpoli onpoli TOpoli ottnews MAGA KAG,1
4089,twitter/Trudeau elxn43 polcan,Facebook/Qu√©bec FIER,1
4089,Facebook/Qu√©bec FIER,twitter/Canada Cdnpoli Election2019 October21,1
4089,twitter/Canada Cdnpoli Election2019 October21,twitter/elxn43 polcan cdnpoli,1
4098,twitter/canpoli TrudeauMustGo,Facebook/Justin Trudeau Not,1
4108,twitter/wexit Brexit JasonKenney cdnpoli,Reddit/canadapoliticshumour,1
4117,4chan/pol,twitter/wexit cdnpoli,1
4125,Reddit/canada,twitter/cdnpoli elxn43,1
4125,twitter/cdnpoli elxn43,twitter/CanadaDebates2019 cdnpoli ForwardTogether,1
4165,Facebook/Leftist Memes for New Democrat Teens,twitter/elxn43 cdnpoli,1
4169,Facebook/Justin Trudeau Not,twitter/canpoli TrudeaumustGo,1
4170,4chan/pol,Reddit/metacanada,1
4174,twitter/CDNPoli Elxn43 CPC ScheerIncompetence ScheerStupidity ScheerNonsense WeakAndy AltRightAndy,twitter/cdnpoli CPC,1
4174,twitter/cdnpoli CPC,4chan/pol,1
4177,twitter/cdnpoli wexit,4chan/pol,1
4178,Reddit/canada,4chan/pol,1
4198,twitter/PPC polcan elxn43 cdnpoli,4chan/pol,1
4208,Reddit/metacanada,twitter/TrudeauBlackface TrudeauPrivilege Trudeau TrudeauMustResign TrudeauMustGo cndpoli,1
4217,Facebook/Old Stock Canadian,twitter/cdnpoli tcot polcan politicstoday Truexit,1
4226,Facebook/Justin Trudeau Not,twitter/Blackface Trudeaumustgo canpoli,1
4226,twitter/Blackface Trudeaumustgo canpoli,twitter/cdnpoli TrudeauMustGo TrudeauMustGo TrudeauWorstPM TrudeauCorruption TrudeauCorruption,1
4317,twitter/byeLiberals elxn43,4chan/pol,1
4327,Facebook/Team Scheer,twitter/cdnpoli elxn43 TrudeauMustGo,1
4329,Facebook/Justin Trudeau Not,twitter/elxn43 TrudeauMustGo,1
4329,twitter/elxn43 TrudeauMustGo,Facebook/Justin Trudno,1
4329,Facebook/Justin Trudno,Reddit/metacanada,1
4384,4chan/pol,twitter/cdnpoli CanadaElection2019,1
4399,twitter/cdnpoli Trudeau,4chan/pol,1
4399,4chan/pol,twitter/ConservativeHypocrites elxn43,1
4410,twitter/cdnpoli elxn43 TrudeauMustGo,twitter/cdnpoli TrudeauMustGo,1
4410,twitter/cdnpoli TrudeauMustGo,twitter/elxn43 TrudeauMustGo,1
4410,twitter/elxn43 TrudeauMustGo,Reddit/metacanada,1
4410,Reddit/metacanada,twitter/TrudeauMustGo FAIL piefucker canpoli,1
4410,twitter/TrudeauMustGo FAIL piefucker canpoli,twitter/TrudeauMustGo LiberalsMustGo cdnpoli elxn43,1
4410,twitter/TrudeauMustGo LiberalsMustGo cdnpoli elxn43,Facebook/Justin Trudno,1
4413,twitter/elxn43 cdnpoli,4chan/pol,1
4413,4chan/pol,twitter/Embarrassing TrudeauBlackface TrudeauMustGo cdnelxn2019 elxn43 CanadaVotes,1
4413,twitter/Embarrassing TrudeauBlackface TrudeauMustGo cdnelxn2019 elxn43 CanadaVotes,twitter/TrudeauMustGo TrudeauWorstPM CanadaElection2019 elxn43,1
4416,twitter/TrudeauMustGo cdnpoli elxn43,Reddit/metacanada,1
4416,Reddit/metacanada,twitter/Elexn43 ElectionDay canpoli,1
4416,twitter/Elexn43 ElectionDay canpoli,twitter/elxn43 BlackfaceTrudeau,1
4419,Facebook/National Meme Board of Canada,twitter/elxn43 cdnpoli canadavotes,1
4424,Facebook/Leftist Memes for New Democrat Teens,Facebook/Game Changers,1
4424,Facebook/Game Changers,Reddit/canadaleft,1
4429,Reddit/metacanada,twitter/JustinTrudeau elxn43 FaithGoldy,1
4445,Facebook/Leftist Memes for New Democrat Teens,Reddit/canadaleft,1
4446,Reddit/metacanada,twitter/cdnpoli elxn43,1
4453,Reddit/canadapoliticshumour,twitter/StrategicVoting DontLetThemTellYouItCantBeDone elxn43,1
4490,Facebook/Game Changers,Reddit/onguardforthee,1
4508,Facebook/Justin Trudeau Not,twitter/Wexit WWG1WGA cdnpoli elxn,1
4522,twitter/cdnpoli elxn43 October3rd,Facebook/Team Scheer,1
4549,Reddit/metacanada,twitter/canpoli trudeaumustgo,1
4565,twitter/LiberalismIsAMentalDisorder cdnpoli,twitter/thief cdnpoli,1
4565,twitter/thief cdnpoli,Facebook/Justin Trudeau Not,1
4618,twitter/elxn43 cdnpoli,Reddit/canadapoliticshumour,1
4623,twitter/cdnpoli canpoli elxn43 ChooseForward,4chan/pol,1
4634,4chan/pol,twitter/ableg cdnpoli elxn43,1
4653,twitter/cdnpoli TrudeauMustGo Trudeau Liberal Conservatives Canada Canadian Liberals onpoli FlushTheTurd,twitter/canpoli TrudeauMustGo,1
4653,twitter/canpoli TrudeauMustGo,4chan/pol,1
4680,twitter/AndrewScheer cdnpoli,4chan/pol,1
4680,4chan/pol,twitter/ScheeringTheResume AndysResume cdnpoli elxn43 ScheerNotAsAdvertised,1
4712,4chan/pol,twitter/PPC MaximeBernier cdnpoli elxn43,1
4714,Reddit/metacanada,4chan/pol,1
4752,Facebook/Game Changers,Facebook/Leftist Memes for New Democrat Teens,1
4752,Facebook/Leftist Memes for New Democrat Teens,twitter/PPC2019 cdnpoli,1
4752,twitter/PPC2019 cdnpoli,Reddit/canadaleft,1
4753,Facebook/Team Scheer,twitter/cdnpoli elxn43 TrudeauMustGo,1
4764,twitter/elxn43 cdnpoli TrudeauMustGo,Facebook/Don'tDrinktheCanadianCool-Aid,1
4772,Reddit/metacanada,twitter/Trudeau Blackface cdnpoli,1
4772,twitter/Trudeau Blackface cdnpoli,twitter/Trudeau BlackfaceTrudeau elxn43 polcan cdnpoli,1
4772,twitter/Trudeau BlackfaceTrudeau elxn43 polcan cdnpoli,twitter/Trump BlackFace elxn43,1
4772,twitter/Trump BlackFace elxn43,Reddit/canada,1
4772,Reddit/canada,Reddit/canadapolitics,1
4772,Reddit/canadapolitics,Reddit/canada,1
4772,Reddit/canada,twitter/TrudeauMustGo TrudeauBlackface elxn43 cdnpoli,1
4772,twitter/TrudeauMustGo TrudeauBlackface elxn43 cdnpoli,twitter/cdnpoli elxn43,1
4777,Reddit/ndp,Facebook/Leftist Memes for New Democrat Teens,1
4782,twitter/CDNvote2019 cdnpoli blackface,4chan/pol,1
4798,twitter/Scheer4PM LiberalsMustGo CDNvote2019 elxn43,Reddit/onguardforthee,1
4800,Facebook/Old Stock Canadian,twitter/cdnpoli tcot polcan politicstoday cbc defundcbc dismantlecbc privatizecbc,1
4812,twitter/ExtinctionRebellion Climate Hypocrisy Edmonton cndpoli,4chan/pol,1
4818,twitter/elxn43 cdnpoli,4chan/pol,1
4820,Facebook/Justin Trudeau Not,twitter/canpoli TrudeauMustgo,1
4820,twitter/canpoli TrudeauMustgo,Reddit/metacanada,1
4839,Facebook/Team Scheer,twitter/climatestrikeTO cdnpoli elxn43,1
4869,4chan/pol,twitter/cdnpoli polcan polqc canada,1
4906,twitter/cdnpoli onpoli,Facebook/Justin Trudeau Not,1
4917,twitter/Brownface BrownFaceTrudeau elxn43,Reddit/canadapoliticshumour,1
4917,Reddit/canadapoliticshumour,twitter/brownface racism cdnpoli elxn43,1
4924,Facebook/Game Changers,Reddit/canadaleft,1
4924,Reddit/canadaleft,Reddit/onguardforthee,1
4924,Reddit/onguardforthee,twitter/cdnpoli elxn43 CanadaDebates2019,1
4924,twitter/cdnpoli elxn43 CanadaDebates2019,Reddit/onguardforthee,1
4924,Reddit/onguardforthee,twitter/cdnpoli CanadaDebates2019,1
4924,twitter/cdnpoli CanadaDebates2019,Reddit/onguardforthee,1
4926,twitter/firstdebate cdnpoli elxn43,Reddit/canadaleft,1
4953,Facebook/Team Scheer,twitter/cdnpoli elxn43 TrudeauMustGo GOTV,1
5004,Reddit/metacanada,twitter/cdnpoli elxn43,1
5017,4chan/pol,Facebook/Justin Trudno,1
5021,4chan/pol,twitter/Trudeau blackface Elexn43 Election2019 cdnpoli,1
5069,Facebook/Justin Trudeau Not,Facebook/Don'tDrinktheCanadianCool-Aid,1
5069,Facebook/Don'tDrinktheCanadianCool-Aid,Reddit/metacanada,1
5072,Reddit/canada,twitter/canpoli TrudeauMustGo SNCLavalin,1
5072,twitter/canpoli TrudeauMustGo SNCLavalin,4chan/pol,1
5072,4chan/pol,twitter/elxn43 canpoli,1
5072,twitter/elxn43 canpoli,twitter/cdnpoli Trudeau blackface,1
5129,twitter/cdnpoli Election2019,twitter/cdnpoli elxn43,1
5129,twitter/cdnpoli elxn43,Reddit/canadapoliticshumour,1
5138,Facebook/Leftist Memes for New Democrat Teens,Reddit/ndp,1
5138,Reddit/ndp,twitter/leadersdebate2019 NDP,1
5152,Reddit/canadapoliticshumour,twitter/elxn43 cdnpoli,1
5160,4chan/pol,twitter/cdnpoli elxn43,1
5184,twitter/cdnpoli TrudeauBlackface TrudeauMustGo,Reddit/onguardforthee,1
5187,twitter/cdnpoli TrudeauMustGo,4chan/pol,1
5213,Facebook/OccupyCanada,twitter/elxn43 cdnpoli,1
5234,twitter/TrudeauMustResign LiberalHypocrisy cndpoli,4chan/pol,1
5267,4chan/pol,twitter/ScheerRacism Quebec ChooseForward elxn43,1
5271,twitter/ClimateStrike cdnpoli youboughtapipeline Trudont,Reddit/canadaleft,1
5275,Facebook/Team Scheer,twitter/cdnpoli elxn43,1
5342,4chan/pol,twitter/elxn43 CPC TrudeauStillMustGo NDPBTFO,1
5343,Facebook/National Meme Board of Canada,twitter/cdnpoli canpoli StandonGuard NotAsAdvertised,1
5355,Facebook/Leftist Memes for New Democrat Teens,twitter/cndpoli elxn43 leadersdebate2019,1
5362,twitter/ScheerWasSoPoorThat Satire CluckCluck cdnpoli elxn43,4chan/pol,1
5374,Facebook/LeftistMemesforNewDemocratTeens,twitter/cndpoli elxn43 AndrewScheer ScheerDisaster,1
5386,Reddit/canadaleft,Facebook/Leftist Memes for New Democrat Teens,1
5397,twitter/Scheer4PM cdnelxn2019 cdnpoli,Reddit/metacanada,1
5397,Reddit/metacanada,twitter/cdnpoli nofreelunch,1
5397,twitter/cdnpoli nofreelunch,twitter/CPCMajority cdnpoli,1
5397,twitter/CPCMajority cdnpoli,twitter/cdnpoli Trudeaumustgo canadaisbroken elxn43,1
5405,Reddit/metacanada,4chan/pol,1
5409,twitter/ScheeringTheResume AndysResume cdnpoli elxn43,4chan/pol,1
5431,twitter/TrudeauMustResign TrudeauMustGo TrudeauBlackface cdnpoli,4chan/pol,1
5443,twitter/cdnpoli ScheerPuppet Elxn43,Facebook/National Meme Board of Canada,1
5447,Reddit/onguardforthee,twitter/cdnpoli PPC2019,1
5453,Facebook/Leftist Memes for New Democrat Teens,twitter/elxn43 cdnpoli,1
5475,twitter/HamOnt elxn43,4chan/pol,1
5491,twitter/cdnpoli elxn43,twitter/elxn43 cdnpoli,1
5491,twitter/elxn43 cdnpoli,4chan/pol,1
5491,4chan/pol,twitter/ElectionsCanada elxn43,1
5491,twitter/ElectionsCanada elxn43,twitter/cdnpoli elxn43 vote,1
5491,twitter/cdnpoli elxn43 vote,twitter/YQR skpoli cdnpoli,1
5491,twitter/YQR skpoli cdnpoli,twitter/yeg ableg cdnpoli,1
5493,Facebook/Team Scheer,twitter/cdnpoli elxn43 TrudeauMustGo,1
5503,twitter/Scheer4PM CPCMajority CPC elx43,4chan/pol,1
5509,4chan/pol,twitter/leadersdebate2019 CanadaDebates2019 NDP,1
5509,twitter/leadersdebate2019 CanadaDebates2019 NDP,twitter/NDP Students college University Canada,1
5538,Reddit/metacanada,twitter/elxn43 cdnpoli TrudeauMustGo ChooseForward,1
5538,twitter/elxn43 cdnpoli TrudeauMustGo ChooseForward,twitter/elxn2019 elxn43 cdnpoli TrudeauMustGo ChooseForward,1
5538,twitter/elxn2019 elxn43 cdnpoli TrudeauMustGo ChooseForward,twitter/TrudeaulessTuesday elxn43 CDNvote2019,1
5538,twitter/TrudeaulessTuesday elxn43 CDNvote2019,twitter/TrudeaulessTuesday elxn43 cdnpoli ChooseForward TrudeauMustGo CanadaDeservesBetter,1
5538,twitter/TrudeaulessTuesday elxn43 cdnpoli ChooseForward TrudeauMustGo CanadaDeservesBetter,twitter/TrudeaulessTuesday elxn43 cdnpoli,1
5538,twitter/TrudeaulessTuesday elxn43 cdnpoli,twitter/elxn2019 cdnpoli CanadaElection2019,1
5541,Reddit/canadapoliticshumour,twitter/Trudeau Obama elxn43,1
5541,twitter/Trudeau Obama elxn43,twitter/polcan elxn43,1
5550,Facebook/Don'tDrinktheCanadianCool-Aid,twitter/TrudeauTheHyprocrite trudeaumustgo elxn43 cdnpoli,1
5560,Reddit/metacanada,Reddit/canada,1
5560,Reddit/canada,twitter/TrudeauBlackface cdnpoli elxn43,1
5561,Reddit/metacanada,twitter/LOL elxn43,1
5566,twitter/blackface cdnpoli elxn43 TrudeauBlackface TrudeauMustGo,twitter/cdnpoli onpoli abpoli elxn43 MakeCanadaGreatAgain TrudeauMustGo TrudeauWorstPM Brownface,1
5566,twitter/cdnpoli onpoli abpoli elxn43 MakeCanadaGreatAgain TrudeauMustGo TrudeauWorstPM Brownface,Reddit/metacanada,1
5573,twitter/elxn43 NeverScheer ChooseForwardWithTrudeau SaveCanada,twitter/cdnpoli elxn43 NeverScheer,1
5573,twitter/cdnpoli elxn43 NeverScheer,twitter/elxn43 canadavotes2019 CanadaDeservesBetter NeverScheer,1
5573,twitter/elxn43 canadavotes2019 CanadaDeservesBetter NeverScheer,twitter/elxn43 cdnpoli,1
5573,twitter/elxn43 cdnpoli,Facebook/North99,1
5573,Facebook/North99,twitter/canpoli election2019 CanadaVotes canadavotes2019 ElectionsCanada Thanksgiving canada vote,1
5573,twitter/canpoli election2019 CanadaVotes canadavotes2019 ElectionsCanada Thanksgiving canada vote,twitter/ScheerDisaster cdnpoli elxn43 ThanksgivingWeekend thanksgiving2019,1
5573,twitter/ScheerDisaster cdnpoli elxn43 ThanksgivingWeekend thanksgiving2019,twitter/thanksgiving2019 cdnpoli cdnelxn2019 elxn43 vote ScheerDisaster,1
5580,Reddit/onguardforthee,twitter/cdnpoli NotAsAdvertised,1
5580,twitter/cdnpoli NotAsAdvertised,twitter/ElectionDay ChooseForward cdnpoli canadavotes2019,1
5580,twitter/ElectionDay ChooseForward cdnpoli canadavotes2019,twitter/AbLeg abpoli onpoli skpoli cdnpoli,1
5651,Facebook/Qu√©bec FIER,Facebook/Justin Trudeau Not,1
5651,Facebook/Justin Trudeau Not,twitter/TrudeauMustGo cdnpoli elxn43 CanadaVotes CanadianThanksgiving,1
5666,Facebook/Leftist Memes for New Democrat Teens,Reddit/ndp,1
5739,twitter/elxn43 ScheerVictory,twitter/CanadaDebates2019 cdnpoli elxn43,1
5739,twitter/CanadaDebates2019 cdnpoli elxn43,4chan/pol,1
5780,Reddit/canada,twitter/cdnpoli elxn43,1
5780,twitter/cdnpoli elxn43,Facebook/Leftist Memes for New Democrat Teens,1
5809,Reddit/canadapolitics,twitter/elxn43 CPC LPC,1
5854,Reddit/metacanada,4chan/pol,1
5870,Reddit/canadapolitics,twitter/bigmouth s3 cdnpoli,1
5904,Facebook/Leftist Memes for New Democrat Teens,twitter/cdnpoli elxn43,1
5945,Facebook/Old Stock Canadian,twitter/BreakingNews JustinTrudeau TrudeauMustGo TrudeauHypocrite LPC CPC PPC,1
5949,Facebook/Game Changers,Reddit/onguardforthee,1
5960,Facebook/Leftist Memes for New Democrat Teens,Reddit/canadaleft,1
5966,Reddit/canadapoliticshumour,twitter/ScheerNotAsAdvertised cdnpoli elxn43,1
5970,Reddit/canadaleft,Facebook/Leftist Memes for New Democrat Teens,1
5979,twitter/politics cdnpoli,4chan/pol,1
6006,Reddit/canadaleft,twitter/cdnpoli elxn43 UpRiSingh,1
6008,twitter/TrudeaMustGo cdnpoli,4chan/pol,1
6014,Facebook/Leftist Memes for New Democrat Teens,twitter/cdnpoli AbLeg abpoli,1
6035,twitter/kamloops cookie cdnpoli,Reddit/canadaleft,1
6041,twitter/yourvotematters elxn43,Reddit/canada,1
6057,twitter/polcan elxn43,Reddit/canadapoliticshumour,1
6100,4chan/pol,Reddit/metacanada,1
6100,Reddit/metacanada,4chan/pol,1
6114,Reddit/metacanada,4chan/pol,1
6116,Reddit/metacanada,twitter/ElectionDay elxn43,1
6125,Facebook/Game Changers,Reddit/onguardforthee,1
6153,twitter/CTV elxn43 trust,Facebook/Don'tDrinktheCanadianCool-Aid,1
6170,twitter/ScheerDisaster ChooseForward elxn43,4chan/pol,1
6206,4chan/pol,twitter/elxn43 cdnpoli,1
6231,twitter/cdnpoli elxn43 Canada Trudeau LavScam,4chan/pol,1
6232,Facebook/Canada Proud,twitter/elxn43 elx43 cdnelxn2019,1
6234,Facebook/National Meme Board of Canada,Reddit/canadaleft,1
6240,twitter/nuffsaid cdnpoli elxn43,twitter/cdnpoli elxn43,1
6240,twitter/cdnpoli elxn43,Reddit/metacanada,1
6251,twitter/VoteOrange VoteNDP JagmeetSingh cdnpoli elxn43,Reddit/canadaleft,1
6254,Facebook/Leftist Memes for New Democrat Teens,Reddit/canadaleft,1
6255,twitter/TrudeauMustGo canpoli,Facebook/Don'tDrinktheCanadianCool-Aid,1
6350,Reddit/canadaleft,Facebook/Leftist Memes for New Democrat Teens,1
6354,twitter/ScheerDisaster cdnpoli elxn43,4chan/pol,1
6386,twitter/cdnpoli onpoli abpoli elxn43 MakeCanadaGreatAgain TrudeauMustGo TrudeauWorstPM NotABot,4chan/pol,1
6392,4chan/pol,twitter/PeoplesParty cdnpoli,1
6393,twitter/cdnpoli elx43,Reddit/canadaleft,1
6403,4chan/pol,Reddit/canada,1
6406,4chan/pol,Facebook/Don'tDrinktheCanadianCool-Aid,1
6437,Reddit/canadapoliticshumour,Reddit/canadianpolitics,1
6437,Reddit/canadianpolitics,twitter/elxn43 ElectionsCanada,1
6437,twitter/elxn43 ElectionsCanada,twitter/ColdWorldNoBlanket cndpoli MorningAfter NoChill,1
6467,twitter/TrudeauCorruption cndpoli ottawa,4chan/pol,1
6491,Reddit/metacanada,Facebook/Justin Trudno,1
6498,twitter/iOS13 cdnpoli blackface BrownFaceTrudeau,4chan/pol,1
6498,4chan/pol,Reddit/metacanada,1
6522,Facebook/North99,twitter/elxn43 SheerHypocrisy SheerMadness,1
6522,twitter/elxn43 SheerHypocrisy SheerMadness,twitter/elxn43 elxnday ABC,1
6528,Facebook/Leftist Memes for New Democrat Teens,twitter/cdnpoli elx43,1
6528,twitter/cdnpoli elx43,Reddit/canadaleft,1
6541,Reddit/canadapoliticshumour,twitter/Canelxn elxn43,1
6578,twitter/CPC Trump Satire,4chan/pol,1
6616,twitter/TrudeauMustGo twatwaffle cdnpoli elxn43,twitter/TrudeauMustGo TrudeauBlackface cdnpoli elxn43,1
6616,twitter/TrudeauMustGo TrudeauBlackface cdnpoli elxn43,4chan/pol,1
6621,twitter/TrudeauBlackface cdnpoli elx43 elxn2019,Reddit/canada,1
6629,twitter/elxn43 canadavotes2019 CanadaElection2019 CanadaDeservesBetter,4chan/pol,1
6693,Facebook/Qu√©bec FIER,twitter/elxn43 TrudeauMustGo CDNvote2019 cdnpoli,1
6710,twitter/onpoli cdnpoli RealTalk Truth,twitter/WhyIVotedPeoplesParty elxn43 polcan canpoli PeoplesPartyofCanada,1
6710,twitter/WhyIVotedPeoplesParty elxn43 polcan canpoli PeoplesPartyofCanada,Reddit/metacanada,1
6718,twitter/cdnpoli ABpoli,4chan/pol,1
6719,Reddit/canadapolitics,twitter/skpoli cdnpoli,1
6724,4chan/pol,twitter/ClimateBrawl ScienceIsSettled elxn43,1
6756,twitter/elxn43 cdnpoli faceafaceTVA,4chan/pol,1
6801,twitter/elxn43 cdnpoli,4chan/pol,1
6814,4chan/pol,Facebook/Mad Max Bernier,1
6818,twitter/ParodyCabinet cdnpoli,Facebook/Team Scheer,1
6818,Facebook/Team Scheer,twitter/cdnpoli elxn43,1
6827,twitter/elxn43 cdnpoli CancelCultureCancelled,4chan/pol,1
6906,Reddit/metacanada,4chan/pol,1
6939,Facebook/Leftist Memes for New Democrat Teens,Reddit/canadaleft,1
6944,twitter/cdnpoli elxn43 ItsOurVote,4chan/pol,1
6955,Reddit/canadapoliticshumour,twitter/cdnpoli elxn43 gpc ndp,1
6996,Facebook/Leftist Memes for New Democrat Teens,Reddit/onguardforthee,1
7010,Reddit/metacanada,4chan/pol,1
7035,4chan/pol,Reddit/metacanada,1
7040,Facebook/OccupyCanada,twitter/Canada elxn43,1
7059,twitter/UN ONU ygreck elxn43,4chan/pol,1
7075,twitter/wexit cdnpoli,4chan/pol,1
7081,Reddit/metacanada,twitter/elxn43 cdnpoli,1
7148,Reddit/onguardforthee,twitter/Canada cdnpoli CanadaVotes,1
7148,twitter/Canada cdnpoli CanadaVotes,twitter/elxn43 cdnpoli ScheerHypocrisy ScheerHomophobia scheerweakness,1
7153,4chan/pol,twitter/cdnpoli elxn2019 ANDREWSCHEER4PM,1
7168,Facebook/Leftist Memes for New Democrat Teens,Reddit/onguardforthee,1
7168,Reddit/onguardforthee,Facebook/Leftist Memes for New Democrat Teens,1
7168,Facebook/Leftist Memes for New Democrat Teens,Facebook/Game Changers,1
7174,Reddit/metacanada,twitter/cdnpoli ClimateStrike,1
7174,twitter/cdnpoli ClimateStrike,twitter/cdnpoli elxn43,1
7192,Facebook/Justin Trudno,Reddit/metacanada,1
7192,Reddit/metacanada,Facebook/Justin Trudeau Not,1
7199,twitter/cdnpoli yow onpoli qcpoli topoli,Reddit/canadaleft,1
7219,Reddit/canada,twitter/Whitby elxn43,1
7220,twitter/Trudeau elxn43 elxn2019,Reddit/metacanada,1
7220,Reddit/metacanada,twitter/yeg cdnpoli elxn43,1
7227,Reddit/canadapoliticshumour,twitter/Elexn43 LPC,1
7254,Facebook/Justin Trudeau Not,twitter/WheresSophie elxn43 TrudeauMustGo,1
7254,twitter/WheresSophie elxn43 TrudeauMustGo,twitter/canpoli TrudeauMustGo,1
7256,twitter/PPC canpoli,4chan/pol,1
7317,4chan/pol,twitter/uspoli cdnpoli pnpcbc UKpolitics auspol polcan eupol nzpol CTVpp elxn43,1
7332,Facebook/Leftist Memes for New Democrat Teens,Reddit/canadaleft,1
7334,twitter/ppc Canada,4chan/pol,1
7342,Reddit/metacanada,twitter/onpoli cdnpoli SunniWays,1
7367,twitter/LiberalHypocrisy TrudeauMustGo CanadaDeservesBetter cdnpoli elxn43,twitter/cdnpoli elxn43 TrudeauMustGo,1
7367,twitter/cdnpoli elxn43 TrudeauMustGo,4chan/pol,1
7369,Reddit/canadapoliticshumour,twitter/polcan elxn43,1
7374,Reddit/metacanada,twitter/GretaThunberg elxn43 polcan cdnpoli,1
7379,twitter/elxn43 cdnpoli ChooseForward,4chan/pol,1
7399,twitter/elxn2019 cdnpoli,Reddit/canadapoliticshumour,1
7409,4chan/pol,twitter/elxn43 cdnpoli,1
7445,4chan/pol,twitter/CanadaDebates2019 elx43 CDNvote2019 cdnpoli,1
7471,twitter/ScheerDesperation cdnpoli,4chan/pol,1
7488,4chan/pol,twitter/elxn43 cdnpoli,1
7492,4chan/pol,twitter/elxn43 PPC2019 PPC,1
7493,twitter/canpoli TrudeauMustResign,4chan/pol,1
7504,twitter/cdnpoli elxn43,4chan/pol,1
7521,twitter/cdnpoli elxn43,Facebook/National Meme Board of Canada,1
7548,Reddit/canadapoliticshumour,twitter/YANKEEdoodleAndy elxn43,1
7550,Reddit/onguardforthee,twitter/elxn43 partivert greenwave,1
7595,Reddit/metacanada,twitter/brownface cdnpoli JustinTrudeau,1
7638,4chan/pol,twitter/cdnpoli elxn43,1
7645,twitter/blackface cdnpoli,4chan/pol,1
7678,Facebook/Leftist Memes for New Democrat Teens,Reddit/canadapolitics,1
7689,twitter/elxn43 canadavotes2019 CanadaElection2019 canadavotes2019 CanadaDeservesBetter NDP canpoli cdnpoli,4chan/pol,1
7697,twitter/cdnpoli elxn43,4chan/pol,1
7765,Facebook/Don't Drink the Canadian Cool-Aid,twitter/elxn43 TrudeauMustGo,1
7774,twitter/cdnpoli elxn43,4chan/pol,1
7850,Reddit/metacanada,twitter/cdnpoli Captaincrayon,1
7876,Facebook/Canada Proud,twitter/cdnpoli abpoli WEXIT WEXITNOW,1
7882,twitter/cdnpoli NDP,Facebook/Leftist Memes for New Democrat Teens,1
7892,twitter/cdnpoli JustinTrudeaubrownface,4chan/pol,1
7892,4chan/pol,twitter/cndpoli poli racism Trudeau,1
7902,4chan/pol,Reddit/metacanada,1
7919,twitter/PolQc PolCan PPC elxn43,Facebook/Qu√©bec FIER,1
7920,Reddit/metacanada,twitter/elxn43 elxn2019,1
7928,4chan/pol,Reddit/metacanada,1
7929,Reddit/metacanada,twitter/Trudeau JustinTrudeau BlackFace cdnpoli elxn43,1
7951,twitter/cdnpoli cpc,4chan/pol,1
7992,Facebook/Don'tDrinktheCanadianCool-Aid,Reddit/metacanada,1
8008,twitter/MissedThePoint OverHisHead ScheerWasSoPoor ScheerWasSoPoorThat cdnpoli elxn43 canpoli ChooseForward,4chan/pol,1
8026,Facebook/National Meme Board of Canada,Reddit/metacanada,1
8054,twitter/HighTreason TrudeauMustGoToJail LiberalismIsAMentalDisorder FireRCMPcommr cdnpoli AbolishTheUN,4chan/pol,1
8095,twitter/Elexn43 cdnpoli,Facebook/NL Strong,1
8099,twitter/Cdnpoli Elexn43,4chan/pol,1
8100,4chan/pol,twitter/PPC cdnpoli,1
8127,twitter/NDP cdnpoli elxn43,Reddit/onguardforthee,1
8149,Facebook/Old Stock Canadian,twitter/cdnpoli tcot polcan politicstoday,1
8164,Reddit/metacanada,twitter/elxn43 TrudeauBlackface,1
8173,Reddit/metacanada,4chan/pol,1
8177,Facebook/National Meme Board of Canada,twitter/cdnpoli LGBTQ,1
8181,4chan/pol,twitter/cdnpoli elxn43,1
8181,twitter/cdnpoli elxn43,twitter/elxn43 cdnpoli CDNvote2019,1
8256,Reddit/metacanada,twitter/polqc polcan,1
8264,Reddit/metacanada,4chan/pol,1
8267,Facebook/Canada Proud,twitter/elxn43 canadavotes2019 cdnpoli TrudeauMustGo elxn2019,1
8329,Reddit/metacanada,twitter/elxn43 LPC,1
8331,4chan/pol,twitter/cdnpoli ABpoli BCpoli,1
8335,Reddit/metacanada,twitter/blackface BrownFaceTrudeau cdnpoli elxn43,1
8360,twitter/cdnpoli onpoli polqc ableg bcpoli,Reddit/metacanada,1
8361,twitter/cdnpoli elxn43,4chan/pol,1
8385,Reddit/onguardforthee,twitter/YellowVests yellowvestscantwrite cnd2019 cndpoli,1
8394,Reddit/canada,twitter/cdnpoli CDNvote2019 cdnelxn2019 JustinTrudeau,1
8410,twitter/cdnpoli canpoli,Facebook/NationalMemeBoardofCanada,1
8411,Reddit/metacanada,twitter/elxn43 TrudeauMustGo,1
8419,Reddit/metacanada,4chan/pol,1
8440,Reddit/onguardforthee,twitter/cdnpoli JustinTrudeau ElizabethMay JagmeetSingh,1
8483,4chan/pol,twitter/debate cdnpoli,1
8485,twitter/cdnpoli elxn43 HighCarbonHypocrite,Reddit/metacanada,1
8486,twitter/PLC PolQc PolCan elxn43,4chan/pol,1
8487,twitter/elxn43 cdnpoli,4chan/pol,1
8508,Reddit/onguardforthee,twitter/cdnpoli TrudeauMustGo Trudeau Liberal Conservatives Canada Canadian Liberals onpoli,1
8523,Facebook/Leftist Memes for New Democrat Teens,Reddit/canadaleft,1
8533,4chan/pol,Reddit/metacanada,1
8534,Facebook/National Meme Board of Canada,Reddit/canadaleft,1
